,ticker,setor,ano_tri,data_base,preco,upside,upside_tri,roc,roc_tri,roe,roe_tri,roic,p_vp,p_l,p_ebit,ev_ebitda,enterprise_value,earning_yield,margem_bruta,margem_ebit,margem_liquida,endividamento,dividend_yield,volume
0,CGAS5,químico,20224T,2023-04-03,126.5,0.43545563,0.53810357,0.29824487,0.29729969,1.75402928,1.97252199,0.33990346,16.2322,9.2542,6.1546,8.2618,22503238.0,0.12103947,0.19823227,0.15641186,0.10402338,5.55736367,0.1117125,75.756
1,RNEW4,energia,20224T,2023-04-03,1.7,-2.37556147,-3.48545012,0.40840769,1.29028526,0.8530762,3.29446453,0.52437657,0.4656,0.5458,0.4231,1.2848,1356921.0,0.73881324,0.28335344,4.85705634,3.76506155,1.02397026,0.0,104.861
2,RNEW3,energia,20224T,2023-04-03,1.65,-2.41724515,-3.56076679,0.40840769,1.29028526,0.8530762,3.29446453,0.52437657,0.4519,0.5297,0.4106,1.273,1344447.0,0.74566818,0.28335344,4.85705634,3.76506155,1.02397026,0.0,51.196
3,RNEW11,energia,20224T,2023-04-03,5.03,-2.39470447,-3.52003889,0.40840769,1.29028526,0.8530762,3.29446453,0.52437657,0.4592,0.5383,0.4173,1.2793,1351099.0,0.74199646,0.28335344,4.85705634,3.76506155,1.02397026,0.0,3.481
4,BBSE3,seguro,20224T,2023-04-03,32.21,-0.22518379,-0.0965501,0.0,0.0,0.79574653,0.95132437,0.0,8.4662,10.6394,9.1277,0.0,0.0,0.0,0.0,0.0,0.0,0.0,0.06104372,120457.568
5,SUZB3,madeira-papel,20224T,2023-04-03,42.74,1.23932459,1.76990176,0.21167,0.2780849,0.70537989,0.89957281,0.20626122,1.6913,2.3977,2.5242,3.832,113616771.0,0.1955942,0.50189009,0.44596346,0.46948511,1.73434746,0.07399588,290292.804
6,KEPL3,indústria,20224T,2023-04-03,17.29,1.59780454,1.93532434,1.16684757,1.2922366,0.64036031,0.75685703,0.67455769,2.586,4.0383,2.9808,2.5125,1377497.0,0.37615187,0.36475853,0.28541793,0.21067962,-0.279634,0.11560337,14375.588
7,BEEF3,proteína,20224T,2023-04-03,10.12,0.0456908,-0.77633163,0.29277215,0.24049015,0.61653372,-0.09669316,0.16341224,5.5714,9.0366,2.4428,4.4453,12614557.0,0.1920983,0.18521079,0.07822497,0.02114626,6.30121648,0.05542283,99275.444
8,UNIP6,químico,20224T,2023-04-03,69.25,1.42488556,0.50712633,0.73106509,0.27462462,0.56650291,0.25191003,0.63523027,3.0431,5.3717,3.0112,2.7194,7145305.0,0.33312198,0.44774735,0.32738997,0.18352524,-0.00943518,0.18909589,15409.171
9,UNIP3,químico,20224T,2023-04-03,66.0,1.54429281,0.58134088,0.73106509,0.27462462,0.56650291,0.25191003,0.63523027,2.9003,5.1196,2.8699,2.5914,6808922.0,0.34957925,0.44774735,0.32738997,0.18352524,-0.00943518,0.19840743,1931.873
10,EPAR3,madeira-papel,20224T,2023-04-03,9.99,1.35527045,10.2886743,0.51120824,1.15661108,0.55238278,1.39055943,0.47324651,1.2924,2.3397,1.5238,1.9747,205910.0,0.47313372,0.16932252,0.08966434,0.05839691,0.50017412,0.0,22.995
11,PETR4,petróleo,20224T,2023-04-03,24.49,5.13078436,9.50821456,0.3657909,0.28746139,0.51869588,0.47753887,0.45614707,0.8767,1.6902,1.0857,1.5008,543969730.0,0.54094003,0.52100877,0.4588729,0.29474188,0.61613403,0.60918163,1790236.305
12,PETR3,petróleo,20224T,2023-04-03,27.75,4.41055528,8.27373602,0.3657909,0.28746139,0.51869588,0.47753887,0.45614707,0.9934,1.9152,1.2302,1.6181,586494790.0,0.50171801,0.52100877,0.4588729,0.29474188,0.61613403,0.53761651,335880.484
13,TASA4,indústria,20224T,2023-04-03,16.39,1.25485431,1.19777948,0.55792613,0.45809413,0.50768235,0.47267853,0.50305596,2.0264,3.9915,2.7279,2.8492,2257000.0,0.33710672,0.45685607,0.29954477,0.20471642,0.17716902,0.09358439,10428.388
14,TASA3,indústria,20224T,2023-04-03,15.91,1.3228826,1.26408583,0.55792613,0.45809413,0.50768235,0.47267853,0.50305596,1.9671,3.8746,2.648,2.7724,2196216.0,0.3464368,0.45685607,0.29954477,0.20471642,0.17716902,0.09640781,392.006
15,BRAP4,mineração,20224T,2023-04-03,26.88,-0.95553951,-0.93914391,0.51580642,0.3735216,0.49855216,0.40072163,0.48767935,1.4132,2.8346,2.8978,2.7857,10157737.0,0.35897553,0.0,0.0,0.0,-0.05466095,0.10839245,41690.667
16,BRAP3,mineração,20224T,2023-04-03,24.53,-0.95128014,-0.93331384,0.51580642,0.3735216,0.49855216,0.40072163,0.48767935,1.2896,2.5868,2.6444,2.5324,9233960.0,0.3948879,0.0,0.0,0.0,-0.05466095,0.11877656,628.046
17,VALE3,mineração,20224T,2023-04-03,80.31,0.59583535,0.45968769,0.25200458,0.20891108,0.4943046,0.40352191,0.34577987,1.8737,3.7906,4.0429,3.8091,406477656.0,0.2222164,0.45169707,0.3987762,0.4253139,0.21190493,0.09353504,1079206.602
18,RSUL4,indústria,20224T,2023-04-03,68.9,0.42897933,0.53018728,0.47612584,0.56572204,0.46768071,0.51467597,0.67069895,2.8602,6.1158,3.9677,3.4784,378939.0,0.27214383,0.36017783,0.26199047,0.16997142,-0.21137029,0.0,171.184
19,LOGN3,transporte,20224T,2023-04-03,37.77,-0.46527488,-0.06444789,0.16376879,0.23381062,0.4645426,1.31791863,0.16689369,4.5401,9.7733,9.9374,8.5306,4914157.0,0.08140562,0.2359106,0.19353184,0.19678285,1.07214024,0.0,2481.067
20,ATOM3,financeiro,20224T,2023-04-03,2.98,-0.00093878,-1.35991691,1.1582893,-0.64593831,0.42728048,-0.1597613,0.40174766,3.0238,7.0769,7.5266,5.0174,47289.0,0.1993081,0.97467543,0.2625787,0.27926673,-1.00809889,0.02029925,103.585
21,KLBN11,madeira-papel,20224T,2023-04-03,18.23,0.68948362,0.86582597,0.18297171,0.12111882,0.40532462,0.27303107,0.17107609,1.7309,4.2705,2.9929,5.1219,41062320.0,0.16293755,0.4749662,0.33398365,0.23406247,1.81862165,0.08290043,74260.664
22,KLBN4,madeira-papel,20224T,2023-04-03,3.66,0.68302112,0.85868893,0.18297171,0.12111882,0.40532462,0.27303107,0.17107609,1.7376,4.2869,3.0044,5.1315,41139209.0,0.16263302,0.4749662,0.33398365,0.23406247,1.81862165,0.08258333,16749.078
23,KLBN3,madeira-papel,20224T,2023-04-03,3.66,0.68302112,0.85868893,0.18297171,0.12111882,0.40532462,0.27303107,0.17107609,1.7376,4.2869,3.0044,5.1315,41139209.0,0.16263302,0.4749662,0.33398365,0.23406247,1.81862165,0.08258333,2842.697
24,CURY3,construção,20224T,2023-04-03,12.67,0.06392106,0.14979152,0.4042083,0.46648752,0.39697043,0.44331175,0.31605919,4.1845,10.541,8.5528,7.8345,3364473.0,0.12763992,0.37075011,0.19024593,0.15436182,-0.35139698,0.04083955,22541.768
25,ODPV3,saúde,20224T,2023-04-03,10.96,-0.09682875,-0.31550723,0.53546033,0.43760193,0.38072893,0.32050462,0.48383154,5.1156,13.4364,10.5731,9.6268,5833719.0,0.09832339,0.61499446,0.30150566,0.23725598,-0.19479924,0.02799449,18465.685
26,CCRO3,transporte,20224T,2023-04-03,12.64,-0.48737851,0.34707571,0.2605141,0.06756276,0.35627752,-0.05265475,0.24751985,2.1596,6.0617,2.525,3.9622,46287341.0,0.21846528,0.58368623,0.5271786,0.21959378,1.75547491,0.03038664,112149.309
27,LEVE3,indústria,20224T,2023-04-03,30.54,0.21327371,-0.10418514,0.38209422,0.31417445,0.3559788,0.30924756,0.35290688,2.4805,6.968,5.4351,4.8409,3954323.0,0.18232428,0.26826419,0.17068274,0.13313352,0.02264969,0.13876106,7870.091
28,FESA4,siderurgico,20224T,2023-04-03,53.47,0.70710261,-0.48582199,0.42007779,0.2127076,0.34939608,0.19993114,0.34359591,1.4963,4.2826,3.9192,3.1355,4020529.0,0.28876024,0.46286129,0.36985125,0.33847359,-0.17415017,0.09862486,12966.53
29,PRIO3,petróleo,20224T,2023-04-03,32.4,0.14993146,-0.4247746,0.3996079,0.27153288,0.34644825,0.37472964,0.20487887,2.779,8.0214,7.0195,5.6807,27099809.0,0.14451072,0.66900114,0.61542051,0.53855354,-0.03944645,0.0,705119.365
30,RANI3,madeira-papel,20224T,2023-04-03,8.76,0.59990952,0.45910394,0.26817388,0.23780434,0.33616127,0.3054667,0.19876974,1.8971,5.6433,3.6808,4.2135,2877335.0,0.20152777,0.47909426,0.34379243,0.22423527,0.66036522,0.07439484,20234.244
31,CAMB3,consumo,20224T,2023-04-03,5.67,0.64879085,-0.07324811,0.29152773,0.28246571,0.3316074,0.30129445,0.315377,1.4008,4.2243,2.6879,3.4034,338676.0,0.26330793,0.44981199,0.20248681,0.12884306,0.57841802,0.03381731,53.254
32,PTBL3,indústria,20224T,2023-04-03,5.96,0.95779882,-1.34422438,0.21754918,0.11453826,0.32767676,0.07838303,0.23263363,1.7185,5.2446,2.5552,3.5214,1430456.0,0.21968165,0.43047397,0.14305445,0.06969833,1.34294501,0.05838799,4752.382
33,JBSS3,proteína,20224T,2023-04-03,17.3,2.43198425,-0.67495262,0.16723212,0.06752084,0.32526805,0.17783357,0.17329548,0.7704,2.3685,1.5576,3.3884,116865925.0,0.21080742,0.15867098,0.06572255,0.04322045,1.57587225,0.11628139,192954.569
34,PLPL3,construção,20224T,2023-04-03,5.53,0.62824566,1.27830664,0.16574938,0.26648836,0.32413651,0.55428356,0.17187838,2.6914,8.3033,6.8,7.9254,1293508.0,0.12514268,0.28811122,0.10847906,0.088839,0.47135326,0.02914695,3811.001
35,EGIE3,energia,20224T,2023-04-03,39.66,-0.37611913,-0.80752637,0.18352523,0.1881963,0.31570068,0.4220895,0.22485297,3.834,12.1444,5.5787,6.9924,47480866.0,0.12216677,0.46941954,0.48717363,0.22378906,1.79157155,0.07064439,91237.998
36,ASAI3,supermercado,20224T,2023-04-03,14.77,0.22516025,0.68006672,0.14525994,0.17696228,0.31314168,0.41683778,0.17286347,5.1148,16.3337,6.992,6.9469,26676173.0,0.10683691,0.16439839,0.05227439,0.02237711,1.73228953,0.0084307,260244.84
37,RECV3,petróleo,20224T,2023-04-03,20.61,1.47525402,1.48362414,0.34983555,0.34230277,0.30268741,0.4289608,0.28172338,1.5842,5.2337,4.7977,3.189,5080866.0,0.24763497,0.484394,0.42279092,0.38757212,-0.25078323,0.0340114,113621.442
38,CPFE3,energia,20224T,2023-04-03,31.67,0.52336751,0.82267084,0.18155975,0.22964894,0.29753875,0.31357979,0.23835861,2.0805,6.9924,3.5668,4.6705,57271920.0,0.17863756,0.30076795,0.25996987,0.13261121,1.18472568,0.10611503,37943.367
39,TFCO4,varejo,20224T,2023-04-03,10.45,-0.90854752,-0.87722426,0.33961937,0.46445223,0.29379157,0.42308911,0.29835476,30.0765,102.3737,78.8622,68.5502,9905842.0,0.01264082,0.57588126,0.22067723,0.16999574,0.0940462,0.00100061,2069.605
40,PRNR3,indústria,20224T,2023-04-03,7.43,1.61667568,1.21872786,0.36634191,0.33638449,0.29280941,0.22324835,0.27563296,1.2432,4.2459,2.6394,2.4246,317030.0,0.32948978,0.24410997,0.1284066,0.07982112,0.18635294,0.04458049,2351.932
41,LUPA3,petróleo,20224T,2023-04-03,3.84,-4.34367942,-6.55430087,-0.11942961,-0.29053107,0.29229753,1.74078612,-0.17237884,0.635,2.1725,-2.0138,-5.2677,261678.0,-0.22618678,0.22870731,-0.53617175,0.49701966,0.75907536,0.0,3373.652
42,WEGE3,indústria,20224T,2023-04-03,39.59,-0.72782755,-0.648122,0.33241184,0.3699762,0.28021855,0.31978951,0.27002215,10.8944,38.8783,32.8851,29.3029,164598832.0,0.0306903,0.29077304,0.16892272,0.14288285,-0.09988855,0.01136221,354770.141
43,VULC3,consumo,20224T,2023-04-03,11.82,0.02750053,0.20178822,0.2177313,0.30236076,0.27451844,0.50074949,0.20835678,1.6969,6.1814,6.5488,5.9425,3124686.0,0.14195571,0.36951583,0.17484359,0.18523526,0.12842776,0.03130294,3992.01
44,SLCE3,agrícola,20224T,2023-04-03,45.32,0.9585588,0.50577881,0.24265606,0.12906979,0.27300144,0.10818735,0.30000983,1.891,6.9268,3.6959,4.2778,11477737.0,0.21827412,0.32652698,0.26124805,0.13939243,0.4530842,0.06030548,29963.82
45,CXSE3,seguro,20224T,2023-04-03,8.56,0.19595545,0.42553146,0.0,0.0,0.27117363,0.34851841,0.0,2.3583,8.6967,7.7316,0.0,0.0,0.0,0.0,0.0,0.0,0.0,0.07576752,19449.685
46,DEXP3,químico,20224T,2023-04-03,7.83,1.19545862,1.3887135,0.29958498,0.25452215,0.2614979,0.24117427,0.28074204,1.0658,4.0756,2.6234,2.7589,842068.0,0.33192328,0.1832694,0.13321621,0.08575107,0.15815452,0.05714792,2294.53
47,CMIN3,mineração,20224T,2023-04-03,4.72,0.18933379,0.33344174,0.32286786,0.36286096,0.25894737,0.30592341,0.24015213,2.2724,8.7757,5.4477,4.789,27550309.0,0.17250518,0.46632263,0.35807482,0.22228546,0.14565503,0.16544116,37438.222
48,VITT3,agrícola,20224T,2023-04-03,11.15,-0.04580686,-0.12810958,0.24251072,0.25314261,0.25411318,0.33952284,0.21659784,2.7339,10.7584,8.7533,8.9002,1753520.0,0.10337438,0.38354611,0.21295925,0.17326898,0.28742003,0.01173943,6163.643
49,GGBR4,siderurgico,20224T,2023-04-03,25.4,1.75090752,0.60599562,0.30594232,0.1712981,0.24794817,0.10526735,0.30135434,0.9156,3.6926,2.3879,2.4038,49561919.0,0.35816718,0.22752762,0.21539834,0.13929431,0.15491732,0.13898928,194739.823
50,GGBR3,siderurgico,20224T,2023-04-03,22.2,2.14743473,0.83749048,0.30594232,0.1712981,0.24794817,0.10526735,0.30135434,0.8002,3.2274,2.0871,2.1448,44221506.0,0.40142127,0.22752762,0.21539834,0.13929431,0.15491732,0.15902377,537.739
51,GOAU4,siderurgico,20224T,2023-04-03,11.92,2.31933087,0.93545761,0.3047178,0.16947066,0.24238738,0.1021233,0.2953287,0.2606,1.0751,0.6967,0.9041,18584912.0,0.95180196,0.22752762,0.21464242,0.13908478,0.13240955,0.42363613,94330.35
52,GOAU3,siderurgico,20224T,2023-04-03,11.14,2.55174363,1.0709744,0.3047178,0.16947066,0.24238738,0.1021233,0.2953287,0.2435,1.0048,0.6511,0.8649,17778517.0,0.99497368,0.22752762,0.21464242,0.13908478,0.13240955,0.45329826,911.341
53,SHUL4,indústria,20224T,2023-04-03,4.34,0.51449509,0.95582924,0.27252259,0.32549022,0.24216388,0.34000048,0.19392582,1.3902,5.7409,4.0898,3.9661,1735995.0,0.21830192,0.25960446,0.18106265,0.12899001,0.16690212,0.01250515,1530.786
54,WIZC3,financeiro,20224T,2023-04-03,5.89,-0.27148054,-0.48724489,0.22938775,0.18912196,0.23550084,0.15877906,0.27886168,1.0409,4.4198,2.6366,2.8376,1034793.0,0.34521497,0.57957769,0.37646962,0.22457961,0.10270865,0.12591762,5390.504
55,BAZA3,banco,20224T,2023-04-03,67.94,1.09420994,1.20262295,0.0,0.0,0.23181696,0.24400068,0.0,0.7867,3.3935,1.9253,0.0,0.0,0.0,0.33145049,0.6178685,0.35053559,0.0,0.05333558,109.882
56,JALL3,agrícola,20233T,2023-04-03,6.71,2.37166813,1.75946205,0.04567219,0.43477735,0.22273029,0.84834757,0.04020068,0.9304,4.1774,9.4578,7.0751,4056719.0,0.05153893,-0.12535939,0.11524787,0.26092402,0.97837489,0.16965512,10586.998
57,TAEE11,energia,20224T,2023-04-03,34.65,-0.93571189,-1.01726909,0.15409923,0.05657382,0.22056469,0.01389001,0.16577332,1.8167,8.2368,4.8896,7.7382,19009901.0,0.12842192,0.80949942,0.93302967,0.55387181,1.07648426,0.14010219,85090.087
58,TAEE4,energia,20224T,2023-04-03,11.58,-0.93587844,-1.01722435,0.15409923,0.05657382,0.22056469,0.01389001,0.16577332,1.8215,8.2582,4.9023,7.7508,19040906.0,0.12821281,0.80949942,0.93302967,0.55387181,1.07648426,0.13973923,6269.782
59,TAEE3,energia,20224T,2023-04-03,11.56,-0.93576751,-1.01725415,0.15409923,0.05657382,0.22056469,0.01389001,0.16577332,1.8183,8.2439,4.8938,7.7424,19020236.0,0.12835214,0.80949942,0.93302967,0.55387181,1.07648426,0.13998099,2441.22
60,POSI3,tecnologia,20224T,2023-04-03,7.46,2.10600719,6.59874775,0.23537507,0.34139487,0.21784302,0.38943057,0.21274,0.7416,3.4042,1.6684,3.1828,2148322.0,0.290969,0.23967568,0.12518838,0.06135441,0.7860295,0.04825812,13165.092
61,VIVA3,consumo,20224T,2023-04-03,21.49,-0.40010709,0.0687947,0.18746292,0.3590913,0.21765054,0.38059777,0.19986742,3.0539,14.0311,13.4526,10.1429,4973182.0,0.07568039,0.68893171,0.20413579,0.19571923,-0.05429499,0.00250993,43125.595
62,INTB3,tecnologia,20224T,2023-04-03,22.92,-0.31872097,-0.16261133,0.24059266,0.28499732,0.21316187,0.28686971,0.13849605,3.3398,15.668,16.2047,15.2038,7045034.0,0.06577314,0.28387338,0.10947679,0.11322719,-0.20629663,0.01538026,30156.409
63,AURA33,mineração,20224T,2023-04-03,39.45,0.25809835,1.89569986,0.17089494,0.12486631,0.21244989,0.16031137,0.16656526,1.7247,8.118,6.1262,7.106,3237115.0,0.14072685,0.32013728,0.22450326,0.16941939,0.27582407,0.03666847,4563.686
64,B3SA3,financeiro,20224T,2023-04-03,10.58,-0.47807166,-0.50277161,0.23295445,0.22248263,0.20837984,0.19799338,0.1721868,2.9418,14.1175,10.6974,8.5731,56875481.0,0.09807168,0.89921857,0.55168128,0.41803293,-0.13771712,0.03825455,524901.845
65,TGMA3,transporte,20224T,2023-04-03,17.85,0.21015283,0.43171573,0.26038326,0.34651674,0.20813242,0.29633685,0.21810002,1.5343,7.3716,5.8503,5.1139,1141978.0,0.17616979,0.20042116,0.14679364,0.11649978,-0.04561956,0.06284167,2375.099
66,STBP3,transporte,20224T,2023-04-03,8.65,-0.25894031,-0.28825868,0.18975634,0.21062632,0.20519542,0.23515122,0.24827612,3.5713,17.4044,12.3993,8.883,7194762.0,0.08378345,0.45386447,0.312035,0.2223009,-0.13357842,0.08772791,148372.838
67,ETER3,indústria,20224T,2023-04-03,9.28,1.30273718,0.52073612,0.20729872,0.0771331,0.20362769,0.082993,0.23210219,0.8475,4.1621,3.2455,2.7426,545294.0,0.32386935,0.31324434,0.14873381,0.11598027,-0.04122147,0.07713915,2987.469
68,TTEN3,agrícola,20224T,2023-04-03,12.19,-0.31370095,0.32341135,0.17554277,0.31127416,0.20264781,0.31790758,0.13734419,2.1496,10.6074,11.2687,10.997,6275560.0,0.08567379,0.15151371,0.07808068,0.08294908,0.07695965,0.00125358,8458.537
69,MOVI3,transporte,20224T,2023-04-03,7.59,7.2087862,13.88990006,0.15523182,0.12263218,0.20096414,0.02576532,0.11793236,0.9905,4.9289,1.1348,3.8407,13638891.0,0.17719534,0.37557678,0.25174382,0.05795878,3.93560512,0.16322569,45922.975
70,GGPS3,transporte,20224T,2023-04-03,12.19,0.13743634,0.1544692,0.19959638,0.28600326,0.19945183,0.31304516,0.15811897,3.1493,15.7896,8.7682,9.4089,8760302.0,0.10628241,0.16545031,0.10099772,0.05608523,0.23012732,0.00017149,15394.044
71,BLAU3,saúde,20224T,2023-04-03,23.75,-0.12367015,-0.01208017,0.28841793,0.28998826,0.19829763,0.20518457,0.21233096,2.3235,11.7172,9.3411,8.2028,3892031.0,0.11618356,0.47471301,0.32140672,0.25622979,-0.18258859,0.03208431,15332.679
72,ROMI3,indústria,20224T,2023-04-03,17.86,0.11338593,0.86324843,0.16903201,0.30961627,0.19727624,0.32013935,0.1492712,1.3152,6.667,5.3136,5.9367,1910919.0,0.14188878,0.31955747,0.17028051,0.13571295,0.42925129,0.04872223,9914.546
73,ENGI11,energia,20224T,2023-04-03,39.94,0.23172368,-1.6998639,0.12088438,0.10465751,0.19449441,0.12268587,0.14059602,1.3023,6.6957,2.8413,5.5342,38718256.0,0.14777933,0.27132324,0.21588984,0.09161255,1.79921709,0.0972997,137665.308
74,ENGI3,energia,20224T,2023-04-03,11.48,-0.14294349,-1.48697847,0.12088438,0.10465751,0.19449441,0.12268587,0.14059602,1.8716,9.6228,4.0834,6.55,45825217.0,0.12486047,0.27132324,0.21588984,0.09161255,1.79921709,0.06770296,604.927
75,ENGI4,energia,20224T,2023-04-03,7.09,0.38773043,-1.78850674,0.12088438,0.10465751,0.19449441,0.12268587,0.14059602,1.1559,5.943,2.5219,5.2729,36890635.0,0.15510056,0.27132324,0.21588984,0.09161255,1.79921709,0.10962341,397.284
76,CSUD3,tecnologia,20224T,2023-04-03,9.95,0.53387472,0.76561076,0.26045187,0.27593529,0.19267453,0.23022894,0.22352903,1.074,5.574,3.9239,2.4646,409336.0,0.25531821,0.37498138,0.19455924,0.13696274,-0.00196676,0.07364286,2522.717
77,WHRL4,consumo,20224T,2023-04-03,4.36,-0.13290661,-0.28381472,0.32794524,0.26733827,0.19194326,0.06769377,0.22844835,3.0037,15.6489,8.6815,6.7556,6155974.0,0.1226001,0.15651571,0.06989374,0.03877479,-0.18161801,0.04426595,16.597
78,WHRL3,consumo,20224T,2023-04-03,4.39,-0.13883208,-0.28870892,0.32794524,0.26733827,0.19194326,0.06769377,0.22844835,3.0244,15.7566,8.7413,6.8051,6201058.0,0.12170876,0.15651571,0.06989374,0.03877479,-0.18161801,0.04396345,13.147
79,WLMM4,supermercado,20224T,2023-04-03,23.72,-0.17335948,-0.03455952,0.21930678,0.26043989,0.18841951,0.20901369,0.22541898,1.3878,7.3653,5.646,5.6679,889681.0,0.17195602,0.13335795,0.07748037,0.05939389,0.04165268,0.02253183,22.788
80,SMTO3,agrícola,20233T,2023-04-03,27.66,1.21788981,2.61022711,0.14663744,0.21252262,0.18817512,0.29691651,0.14293106,1.655,8.7951,4.3206,5.2004,16614330.0,0.13346208,0.34593909,0.35219006,0.1730141,1.21510056,0.0392299,41563.072
81,CMIG4,energia,20224T,2023-04-03,11.58,-0.44132877,-2.00719833,0.14134567,0.1646628,0.18795928,0.25828395,0.17573212,1.1698,6.2236,4.4805,4.786,32875967.0,0.17298889,0.19762734,0.16502361,0.11880538,0.33944823,0.08217305,121931.017
82,CMIG3,energia,20224T,2023-04-03,17.25,-0.62496157,-1.67613662,0.14134567,0.1646628,0.18795928,0.25828395,0.17573212,1.7426,9.2709,6.6744,6.6023,45352746.0,0.12539874,0.19762734,0.16502361,0.11880538,0.33944823,0.05516313,3030.682
83,RADL3,saúde,20224T,2023-04-03,23.88,-0.68110154,-0.67333077,0.17399794,0.17362257,0.18785473,0.21291737,0.23822833,7.283,38.7692,21.3934,12.2908,41233831.0,0.04460716,0.30307059,0.06327794,0.03491777,0.34876616,0.00823599,160637.529
84,CLSC4,energia,20224T,2023-04-03,49.3,2.35775351,1.09201569,0.10787622,0.08199941,0.18748838,0.14341407,0.15046515,0.6595,3.5178,2.37,3.1592,3410163.0,0.2352811,0.14271583,0.07957549,0.05361207,0.52323687,0.07534263,122.787
85,BPAC11,banco,20224T,2023-04-03,19.64,0.14247317,0.02494938,0.0,0.0,0.18507222,0.15522525,0.0,1.7778,9.6058,7.7751,0.0,0.0,0.0,0.17336779,0.19521161,0.15800844,0.0,0.03338788,364232.179
86,BPAC3,banco,20224T,2023-04-03,10.16,-0.26383947,-0.33956674,0.0,0.0,0.18507222,0.15522525,0.0,2.759,14.9075,12.0664,0.0,0.0,0.0,0.17336779,0.19521161,0.15800844,0.0,0.02151371,30.966
87,DIRR3,construção,20224T,2023-04-03,15.79,0.1067876,-0.75844387,0.08642023,0.10828108,0.18500316,0.24698305,0.1385746,1.5736,8.5059,5.8218,5.6526,2585993.0,0.15625099,0.35218966,0.18684038,0.1278817,0.15626522,0.02974161,24230.652
88,ITSA4,financeiro,20224T,2023-04-03,8.09,1.16322129,1.13760154,0.18595846,0.19927618,0.184935,0.18098909,0.17575805,1.0255,5.545,5.0411,5.1178,84054405.0,0.18522527,0.33879331,1.83466887,1.66792364,0.07277716,0.04906707,194960.874
89,ITSA3,financeiro,20224T,2023-04-03,8.23,1.12642287,1.10123893,0.18595846,0.19927618,0.184935,0.18098909,0.17575805,1.0432,5.641,5.1283,5.2005,85412602.0,0.18227989,0.33879331,1.83466887,1.66792364,0.07277716,0.0482324,1046.357
90,VAMO3,transporte,20224T,2023-04-03,12.9,-1.69983011,-1.99760347,0.14402892,0.16653982,0.18374542,0.27950847,0.14486369,3.6067,19.6289,8.1458,9.7689,18884635.0,0.08531724,0.42585175,0.32791291,0.13608126,1.58294979,0.02160851,45185.951
91,SOJA3,agrícola,20224T,2023-04-03,11.6,0.14869442,3.31525664,0.20040697,0.44717475,0.18314489,0.39630893,0.15038229,1.4197,7.7518,7.2845,6.8808,1320385.0,0.14127397,0.13169665,0.10530042,0.09895313,-0.0401652,0.00345886,9879.328
92,BBAS3,banco,20224T,2023-04-03,38.65,1.13796995,1.28831823,0.0,0.0,0.18303815,0.19794122,0.0,0.6763,3.695,2.8796,0.0,0.0,0.0,0.31429662,0.16191871,0.12618666,0.0,0.11945713,344760.204
93,BRBI11,financeiro,20224T,2023-04-03,9.83,-0.65239321,-0.67938878,1.29601144,-8.38291627,0.18291207,0.16806409,0.009068,3.8501,21.049,44.3835,29.9475,2222734.0,0.03138612,1.0,0.27788931,0.58595238,-1.0862603,0.04794977,539.498
94,CBAV3,indústria,20224T,2023-04-03,7.44,0.81086422,-1.68937193,0.12552677,-0.06250205,0.17981594,-0.06017947,0.13603841,0.8327,4.631,3.9147,3.735,6244619.0,0.18133804,0.18689311,0.12832123,0.10847439,0.34030747,0.00676788,19356.596
95,ABEV3,indústria,20224T,2023-04-03,14.33,-0.39269292,-0.23317567,0.21270795,0.26054037,0.1787073,0.24401928,0.20274555,2.7078,15.152,12.7773,9.063,214022671.0,0.0825092,0.49287839,0.22154184,0.1868211,-0.13933192,0.05425771,343582.742
96,NEOE3,energia,20224T,2023-04-03,15.02,1.34958984,1.04430136,0.12571006,0.11974694,0.17771096,0.14166388,0.13258092,0.6768,3.8085,1.9522,4.7193,54833235.0,0.17031642,0.29135018,0.21826723,0.11187978,1.35880016,0.05682555,15951.922
97,OFSA3,saúde,20224T,2023-04-03,25.0,0.00358884,0.41006741,0.17551494,0.24115066,0.17753193,0.25177147,0.15441273,1.8264,10.2875,7.5804,7.6034,1591472.0,0.11141757,0.50722452,0.17031679,0.12549911,0.33606443,0.02471767,145.924
98,PARD3,saúde,20224T,2023-04-03,19.2,-0.09070402,-0.12959021,0.18094246,0.15500503,0.17582074,0.16920302,0.20448988,2.4749,14.076,7.8959,5.7274,2627627.0,0.11737893,0.27209445,0.14696264,0.08243837,0.19542695,0.02668395,5532.571
99,AURE3,energia,20224T,2023-04-03,14.48,-0.5836953,-0.36397941,0.05535231,0.10142712,0.17561137,0.64331645,0.06584113,0.9493,5.4058,10.4093,8.6869,17123215.0,0.08123854,0.20724147,0.25220072,0.48563393,0.1732906,0.00690566,93957.025
100,MILS3,indústria,20224T,2023-04-03,9.08,0.41457695,0.94506805,0.217308,0.26279302,0.17464662,0.15346097,0.14570031,1.7643,10.102,6.7858,4.8233,2362677.0,0.13638471,0.63646178,0.29505896,0.19819943,0.14206008,0.02702813,8118.403
101,UCAS3,consumo,20224T,2023-04-03,2.4,0.76407748,0.15308407,0.14623562,0.03242952,0.17457029,0.1051438,0.13123679,0.8404,4.814,6.0811,3.9761,140535.0,0.18559042,0.3418092,0.10616335,0.13410643,-0.09575483,0.07567118,13.623
102,LAND3,agrícola,20224T,2023-04-03,26.3,-0.82045384,-0.70620524,0.06226351,0.05761638,0.17452865,0.60588803,0.06879244,3.2194,18.4465,45.0931,41.3186,2557949.0,0.02193633,0.92852407,0.59058425,1.44370652,0.03522688,0.00779129,2071.567
103,RAPT4,indústria,20224T,2023-04-03,7.4,2.00567596,2.1204865,0.184156,0.14912233,0.17439299,0.13573617,0.13554103,0.6378,3.657,1.9461,3.1402,4725853.0,0.26497989,0.23535365,0.11228561,0.05975404,0.59896563,0.13608525,18302.384
104,BEES3,banco,20224T,2023-04-03,6.26,0.30099875,0.31970209,0.0,0.0,0.17357677,0.17622914,0.0,0.9927,5.719,3.8846,0.0,0.0,0.0,0.26049121,0.10640181,0.07227272,0.0,0.09353036,79.614
105,ITUB4,banco,20224T,2023-04-03,24.03,-0.07367158,-0.06367923,0.0,0.0,0.1733195,0.17532127,0.0,1.3281,7.6625,6.2751,0.0,0.0,0.0,0.40783846,0.13245134,0.10846873,0.0,0.02971688,812364.078
106,ITUB3,banco,20224T,2023-04-03,20.41,0.09062577,0.1023904,0.0,0.0,0.1733195,0.17532127,0.0,1.128,6.5082,5.3298,0.0,0.0,0.0,0.40783846,0.13245134,0.10846873,0.0,0.03498759,9931.994
107,SIMH3,transporte,20224T,2023-04-03,7.17,1.17617684,3.50321893,0.13083338,0.12953507,0.16853254,0.2065473,0.11268872,1.0615,6.2983,1.1579,4.7133,33007468.0,0.15501995,0.31134591,0.20986219,0.03858236,4.85199668,0.07329572,25399.396
108,TUPY3,indústria,20224T,2023-04-03,24.31,0.0,0.0,0.13948428,0.08649841,0.16551134,0.07434846,0.11975944,0.0,0.0,0.0,1.7733,2010050.0,0.39050372,0.18545548,0.0771173,0.04934176,0.66242964,0.0,11360.481
109,COCE5,energia,20224T,2023-04-03,46.0,0.23783466,0.37331789,0.13109885,0.17680153,0.16188675,0.25375104,0.14217038,0.9051,5.5909,2.9237,4.8811,7970998.0,0.15367486,0.16774883,0.14296201,0.07476042,1.10936637,0.03926124,1063.174
110,ALUP11,energia,20224T,2023-04-03,26.46,0.55675118,-0.08948524,0.1201823,0.08149058,0.16042558,0.1183202,0.12996044,0.7476,4.6601,2.7055,5.5533,16746269.0,0.17113991,0.81932557,0.74756737,0.43401141,0.86703031,0.13718362,42110.578
111,ALUP4,energia,20224T,2023-04-03,8.85,0.55147406,-0.09257173,0.1201823,0.08149058,0.16042558,0.1183202,0.12996044,0.7501,4.6759,2.7147,5.5621,16772643.0,0.17087081,0.81932557,0.74756737,0.43401141,0.86703031,0.13671859,706.567
112,ALUP3,energia,20224T,2023-04-03,8.81,0.55851821,-0.08845174,0.1201823,0.08149058,0.16042558,0.1183202,0.12996044,0.7467,4.6548,2.7024,5.5504,16737478.0,0.1712298,0.81932557,0.74756737,0.43401141,0.86703031,0.13733933,323.014
113,CAML3,consumo,20233T,2023-04-03,6.81,1.24631766,1.03942938,0.12174613,0.15646094,0.16001719,0.19558592,0.11402087,0.7923,4.9513,3.0538,6.9766,5444502.0,0.14333725,0.20732284,0.07834983,0.04832439,1.01771737,0.05245048,10122.215
114,HYPE3,saúde,20224T,2023-04-03,36.41,-0.32981232,-0.26959243,0.13871168,0.15344693,0.15939265,0.16125133,0.12252633,2.159,13.5452,9.266,11.2187,29750281.0,0.08345303,0.63097005,0.32900003,0.22506217,0.633018,0.03504461,324151.455
115,AZZA3,consumo,20224T,2023-04-03,62.05,-0.49299322,-0.51434907,0.18713628,0.18897012,0.15917242,0.16060164,0.17998859,2.5756,16.1809,12.4281,9.4427,6762485.0,0.08135012,0.53939107,0.12993968,0.09980287,-0.02808754,0.02220125,173476.772
116,UGPA3,químico,20224T,2023-04-03,13.97,0.96853704,2.09710593,0.15857936,0.26682797,0.15113543,0.27478774,0.13159339,1.2495,8.2675,4.5426,5.4751,22344871.0,0.1498748,0.05123031,0.02331563,0.01281075,0.58579283,0.0419566,71973.356
117,ABCB4,banco,20224T,2023-04-03,16.39,0.52975968,0.55579996,0.0,0.0,0.15081007,0.15338774,0.0,0.6926,4.5929,4.0353,0.0,0.0,0.0,0.30155761,0.17685878,0.15538861,0.0,0.00045188,7941.335
118,BMEB4,banco,20224T,2023-04-03,10.06,0.93362824,0.97302946,0.0,0.0,0.14667479,0.15117005,0.0,0.7714,5.2595,3.9909,0.0,0.0,0.0,0.53830166,0.0719336,0.05458233,0.0,0.05386131,50.236
119,PORT3,financeiro,20224T,2023-04-03,9.65,0.60400976,0.78782416,0.11873335,0.1270847,0.14430754,0.19176738,0.12000565,1.8053,12.51,6.9937,7.6892,6681475.0,0.09073206,0.44805915,0.26683663,0.14917434,1.03968896,0.0655333,7453.744
120,LPSB3,construção,20224T,2023-04-03,1.52,0.58701533,0.88184008,0.11283908,0.04102564,0.14404705,-0.02851826,0.16203894,1.1132,7.7282,6.8701,3.3251,153345.0,0.19816146,0.80595943,0.15584276,0.13853886,-0.29551696,0.14443675,142.058
121,CGRA4,consumo,20224T,2023-04-03,27.53,1.9671659,1.3680739,0.11459567,0.06379013,0.14305211,0.11649272,0.11472426,0.6399,4.4731,5.5776,3.4153,407269.0,0.2344689,0.54490431,0.13994557,0.1745011,-0.15059572,0.0792367,107.896
122,PTNT4,textil,20232T,2023-04-03,5.5,0.3974583,0.519789,0.13328324,0.1082323,0.14211338,0.14815798,0.11317399,0.6164,4.3373,3.3324,3.9123,417899.0,0.18975355,0.16547391,0.09052218,0.06954997,0.35838141,0.06054237,26.145
123,GMAT3,varejo,20224T,2023-04-03,5.58,-0.20915491,0.0012035,0.15189991,0.18746091,0.14118233,0.16472639,0.12747306,1.6346,11.578,9.0297,8.0857,13700892.0,0.09964928,0.22045833,0.0627184,0.04891454,0.18201322,0.0,86453.372
124,TRPL4,energia,20224T,2023-04-03,21.58,-2.64993546,-2.57316368,0.11678216,0.07704217,0.14028323,0.13556476,0.14200857,0.8598,6.1293,4.0738,5.9743,21016550.0,0.16607445,0.60170294,0.64035725,0.42560521,0.4110819,0.00687306,44501.314
125,JSLG3,transporte,20224T,2023-04-03,6.5,1.29992261,4.50651411,0.12766664,0.1410903,0.13746299,0.26596102,0.12438471,1.3092,9.5237,2.4054,5.367,5744443.0,0.13383804,0.1728625,0.12766079,0.03224326,2.75738295,0.05400448,2865.812
126,POMO4,transporte,20224T,2023-04-03,3.17,-0.00493524,1.93614455,0.05674117,0.13648846,0.13629733,0.33108117,0.04769218,0.9297,6.821,11.2102,10.8287,4175394.0,0.06365363,0.15316978,0.04907639,0.08065598,0.37317963,0.02979924,10340.927
127,POMO3,transporte,20224T,2023-04-03,2.39,0.31981393,2.89438419,0.05674117,0.13648846,0.13629733,0.33108117,0.04769218,0.7009,5.1427,8.4519,8.9274,3442283.0,0.07721009,0.15316978,0.04907639,0.08065598,0.37317963,0.03952452,141.254
128,BOAS3,tecnologia,20224T,2023-04-03,7.51,0.06846112,-0.05049324,0.24375468,0.26581881,0.13538866,0.2155724,0.09759041,1.8132,13.3922,18.4966,6.3602,2615086.0,0.08243781,0.57664111,0.24714402,0.34134173,-0.62405785,0.00957209,4767.988
129,BBDC4,banco,20224T,2023-04-03,12.84,0.23640195,-0.67776885,0.0,0.0,0.13365898,0.02089975,0.0,0.8608,6.4405,5.6444,0.0,0.0,0.0,0.36229826,0.11757352,0.10303948,0.0,0.02676012,758415.203
130,BBDC3,banco,20224T,2023-04-03,11.58,0.37093273,-0.64270742,0.0,0.0,0.13365898,0.02089975,0.0,0.7764,5.8085,5.0905,0.0,0.0,0.0,0.36229826,0.11757352,0.10303948,0.0,0.02967185,59233.556
131,SAPR11,saneamento,20224T,2023-04-03,18.29,1.2379797,1.28520826,0.12424544,0.13790403,0.13105187,0.15976489,0.12894939,0.6291,4.8005,3.0908,4.232,9403302.0,0.19020393,0.5799254,0.31523727,0.20296257,0.44103355,0.05596013,15566.873
132,SAPR4,saneamento,20224T,2023-04-03,3.66,1.23675676,1.28395951,0.12424544,0.13790403,0.13105187,0.15976489,0.12894939,0.6295,4.8032,3.0925,4.2333,9406324.0,0.19014282,0.5799254,0.31523727,0.20296257,0.44103355,0.05592955,6974.95
133,SAPR3,saneamento,20224T,2023-04-03,3.54,1.31257903,1.36138187,0.12424544,0.13790403,0.13105187,0.15976489,0.12894939,0.6088,4.6457,2.9911,4.1517,9224980.0,0.19388065,0.5799254,0.31523727,0.20296257,0.44103355,0.05782546,1274.334
134,FIQE3,telecom,20224T,2023-04-03,3.5,0.67060719,0.63874629,0.17060421,0.18142566,0.13056392,0.12956118,0.13291937,1.239,9.4896,6.7981,3.1116,1048136.0,0.17341166,0.46541371,0.2679041,0.19192038,-0.18799748,0.02427929,452.658
135,GRND3,consumo,20224T,2023-04-03,7.09,-0.43325916,-0.0396885,0.07146736,0.14982562,0.13015807,0.18570199,0.05296502,1.4649,11.255,26.736,16.1109,5362766.0,0.04458893,0.4010744,0.09516623,0.22606636,-0.23609506,0.07704959,22230.853
136,SANB11,banco,20224T,2023-04-03,26.3,0.11922447,-0.07367123,0.0,0.0,0.12955775,0.10502242,0.0,0.8864,6.8414,5.0117,0.0,0.0,0.0,0.41226408,0.16988246,0.12444748,0.0,0.1456339,57149.104
137,SANB4,banco,20224T,2023-04-03,14.07,0.04604135,-0.13424142,0.0,0.0,0.12955775,0.10502242,0.0,0.9484,7.3201,5.3623,0.0,0.0,0.0,0.41226408,0.16988246,0.12444748,0.0,0.13611129,1820.146
138,SANB3,banco,20224T,2023-04-03,12.25,0.20145321,-0.00561443,0.0,0.0,0.12955775,0.10502242,0.0,0.8257,6.3732,4.6687,0.0,0.0,0.0,0.41226408,0.16988246,0.12444748,0.0,0.15633354,1174.264
139,DXCO3,madeira-papel,20224T,2023-04-03,5.9,0.37311088,1.12124387,0.12768398,0.1173666,0.12830895,0.14618177,0.12535248,0.7996,6.2317,3.2892,3.7455,8594674.0,0.16861874,0.33838876,0.17076503,0.09013238,0.64209476,1.154e-05,26400.47
140,ARML3,transporte,20224T,2023-04-03,11.85,-0.19375862,-0.09632184,0.13014056,0.15093254,0.12826008,0.17528556,0.09711328,3.5322,27.5391,12.7753,11.5711,5293555.0,0.06051,0.47031061,0.3365502,0.15612438,1.03706795,0.02431105,3844.29
141,LREN3,varejo,20224T,2023-04-03,15.41,0.46467057,1.0248491,0.12406561,0.22141173,0.12804977,0.19105716,0.11265616,1.4791,11.5512,10.6016,5.6455,13822611.0,0.10181875,0.60166766,0.10604977,0.09733183,-0.10885803,0.05123614,790016.605
142,EUCA4,madeira-papel,20224T,2023-04-03,9.25,1.59510553,0.52448617,0.13082743,0.12305211,0.12793292,0.16294341,0.14662122,0.4236,3.3114,2.2046,2.8379,1382922.0,0.27968234,0.32258975,0.15405551,0.1025644,0.26342498,0.02815053,127.41
143,CIEL3,tecnologia,20224T,2023-04-03,4.67,0.289109,0.48451532,0.09723958,0.09839437,0.12410135,0.12062673,0.13123199,0.9094,7.3276,4.6795,4.7249,17324662.0,0.15498057,0.41375742,0.25109505,0.16035378,0.34452367,0.07760423,286618.645
144,JHSF3,construção,20224T,2023-04-03,3.7,1.32757119,1.8014608,0.10189318,0.07931681,0.1225066,0.06602822,0.1085345,0.4865,3.9713,2.8133,4.8638,4646067.0,0.19205104,0.59653003,0.4691056,0.33231516,0.41394464,0.05636535,12348.774
145,VBBR3,transporte,20224T,2023-04-03,14.08,0.96667669,-0.42950067,0.135916,0.14096009,0.1218584,0.17949734,0.13201573,1.2446,10.2133,3.9631,6.412,28943862.0,0.13685112,0.04127399,0.02183019,0.00847084,1.05018632,0.03121444,112881.892
146,MULT3,shopping,20224T,2023-04-03,24.43,-0.42529389,-0.22190053,0.11847912,0.14287089,0.1168831,0.14527273,0.1119302,2.1824,18.6713,13.4445,12.785,16304065.0,0.06553599,0.81146303,0.59440366,0.42800727,0.29450943,0.01450411,113092.611
147,CSMG3,saneamento,20224T,2023-04-03,16.09,0.36746435,0.57397967,0.11312071,0.12394993,0.11625341,0.14792555,0.1099077,0.841,7.2343,4.8718,4.5997,9118762.0,0.13733619,0.37486974,0.20274654,0.13653583,0.4159646,0.02231402,41654.852
148,FRAS3,indústria,20224T,2023-04-03,9.17,0.15767753,0.40221227,0.16587144,0.09927982,0.1143301,0.079436,0.12333408,1.3768,12.0424,7.3522,5.3298,2308448.0,0.14427011,0.2954305,0.10890169,0.06648713,-0.07878712,0.02863309,2446.316
149,FLRY3,saúde,20224T,2023-04-03,14.15,0.13504072,-0.21172458,0.12707044,0.07491954,0.11429888,0.04486641,0.1152142,1.9194,16.7926,7.0539,6.3454,7553003.0,0.09730845,0.2711403,0.16467946,0.06917505,0.87690502,0.06504137,21770.728
150,SBSP3,saneamento,20224T,2023-04-03,50.4,0.154688,0.12541609,0.09431609,0.08749195,0.11419186,0.09398126,0.10034441,1.2603,11.0368,7.4161,7.0268,49862210.0,0.09316001,0.34933419,0.2106104,0.14151735,0.56389758,0.02151886,216936.691
151,TOTS3,tecnologia,20224T,2023-04-03,28.18,-0.47545623,-0.46539001,0.13756331,0.13426754,0.11413702,0.13384519,0.10104595,3.7229,32.6174,26.6252,18.3452,16092504.0,0.03983687,0.6980518,0.16901832,0.13796741,-0.2129237,0.00820424,125812.079
152,VVEO3,saúde,20224T,2023-04-03,15.7,0.167648,0.29336402,0.1115126,0.11457929,0.1138959,0.11081887,0.09146215,1.9517,17.1361,8.6699,8.3616,5767194.0,0.08901486,0.15968205,0.05869367,0.02969554,0.57724994,0.01011052,13187.846
153,PGMN3,saúde,20224T,2023-04-03,3.02,-0.0541319,-0.92956857,0.10673847,0.14013481,0.1122705,0.17346701,0.16260724,0.5678,5.0577,2.0891,2.6712,2735738.0,0.2327836,0.32111774,0.06930349,0.02862628,0.59978967,0.00109363,2196.521
154,CYRE3,construção,20224T,2023-04-03,13.65,0.34526074,0.62466409,0.07927772,0.07772383,0.11151501,0.1125916,0.07260807,0.6661,5.9732,5.6155,7.8297,7150822.0,0.12771804,0.32037463,0.16874339,0.15863714,0.26265503,0.00680913,57074.634
155,TECN3,consumo,20224T,2023-04-03,3.14,1.94117552,3.26610764,0.1188304,0.20091512,0.10939975,0.2381503,0.11459551,0.6259,5.7214,4.1082,4.3532,242051.0,0.22971576,0.5425246,0.15830847,0.11367131,0.03732881,0.02626207,2212.326
156,LOGG3,construção,20224T,2023-04-03,15.45,-0.56626534,-0.38405718,0.08969483,0.06793599,0.10936619,0.04887443,0.09161808,0.4213,3.8523,3.0983,6.0417,3019986.0,0.16497162,0.98600101,2.29347696,1.84458868,0.40295204,0.05676666,5298.021
157,PSSA3,seguro,20224T,2023-04-03,22.76,-0.24426532,0.29508164,0.0,0.0,0.10828717,0.21398175,0.0,1.3643,12.5989,20.5197,0.0,0.0,0.0,1.0,0.02551954,0.04156329,0.0,0.04335984,73671.754
158,MRFG3,proteína,20224T,2023-04-03,6.3,0.651834,-0.57681346,0.11120139,-0.0069355,0.10446185,-0.24699072,0.10583613,0.1502,1.4376,0.4114,3.0377,46255493.0,0.20873097,0.13589592,0.07390973,0.02115088,1.59863823,0.69728278,98794.355
159,LAVV3,construção,20224T,2023-04-03,5.14,0.00864,-1.13572592,0.07420724,0.0807684,0.10422138,0.11088987,0.06652084,0.7998,7.674,11.6107,7.1693,620302.0,0.13948375,0.33554824,0.1558037,0.23573138,-0.30594153,0.13214954,3776.913
160,EQTL3,energia,20224T,2023-04-03,26.88,-0.38497589,-0.45758446,0.07386312,0.08966182,0.10351727,0.16617759,0.08832081,1.5931,15.3896,5.605,11.9157,62881615.0,0.08392299,0.31573828,0.1944978,0.07083765,1.79365352,0.03690352,137656.832
161,ENBR3,energia,20224T,2023-04-03,22.35,0.55082863,0.63239162,0.12779579,0.01829682,0.10194616,-0.11308602,0.13176046,1.0743,10.5382,3.7397,5.3828,22621208.0,0.15106908,0.30274332,0.19767661,0.07014988,0.82729383,0.10946328,87715.435
162,CSNA3,siderurgico,20224T,2023-04-03,15.1,0.28242379,-0.17925112,0.13988937,0.08698795,0.09936256,0.03608207,0.12180582,0.9179,9.2375,2.6204,4.5151,47494920.0,0.16089009,0.29998801,0.17225196,0.04886372,1.25920634,0.18761159,110229.315
163,MELK3,construção,20224T,2023-04-03,2.89,1.27584078,0.11779177,0.05221547,0.01257225,0.09696706,0.04700694,0.04982016,0.4511,4.6525,8.0321,5.176,396898.0,0.18329155,0.22818794,0.07065876,0.12198611,-0.14470593,0.05367582,753.348
164,MYPK3,indústria,20224T,2023-04-03,11.89,2.70648025,-0.38051226,0.13564299,0.07247351,0.09415098,-0.08695476,0.1156646,0.4195,4.4561,1.4458,3.4492,5990975.0,0.20792675,0.10671796,0.07350092,0.02384795,0.97603596,0.13077602,45060.628
165,BPAN4,banco,20224T,2023-04-03,4.89,-0.22178688,-0.16888585,0.0,0.0,0.09380605,0.10039117,0.0,0.8711,9.2865,7.7148,0.0,0.0,0.0,0.52597153,0.06808655,0.0565632,0.0,0.0478097,24070.04
166,ENAT3,petróleo,20224T,2023-04-03,11.49,2.22240563,3.5464611,0.15397401,0.24840299,0.09328265,0.17722134,0.11476037,0.7365,7.8955,4.1778,3.8628,2798715.0,0.25887848,0.49324641,0.33306028,0.17623495,-0.05553162,0.148665,23252.426
167,ECOR3,transporte,20224T,2023-04-03,5.04,1.42397474,2.43827236,0.09912618,0.14266538,0.09292923,0.18126955,0.10889442,1.392,14.9792,2.2731,6.429,13652607.0,0.11297352,0.3178628,0.25446284,0.03861513,4.02853558,0.00150513,20468.141
168,CRFB3,supermercado,20224T,2023-04-03,12.23,0.07158308,0.21467945,0.10787465,0.13007063,0.09176924,0.09939372,0.12077957,1.1819,12.8789,5.2163,5.0641,33711984.0,0.14632778,0.19097094,0.04794441,0.0194188,0.36652581,0.03073995,55212.49
169,RENT3,transporte,20224T,2023-04-03,52.1,-1.70439539,-2.73860778,0.08674744,0.09390857,0.0895067,0.08622984,0.08412482,2.4892,27.81,11.3047,11.9697,78915689.0,0.05739575,0.37383437,0.2546972,0.10353417,1.34715109,0.01232717,497789.086
170,MDNE3,construção,20224T,2023-04-03,4.94,1.58893464,0.19202937,0.03979928,0.02570833,0.08918054,0.034641,0.06717716,0.3494,3.9184,4.7013,3.0581,282982.0,0.30942305,0.33328205,0.109516,0.13139894,-0.10922424,0.0,1049.584
171,BRSR6,banco,20224T,2023-04-03,9.82,0.70604975,1.14437441,0.0,0.0,0.08846795,0.11490051,0.0,0.4218,4.7684,5.2814,0.0,0.0,0.0,0.3036095,0.0584196,0.0647051,0.0,0.00372871,10162.557
172,BRSR3,banco,20224T,2023-04-03,11.0,0.52303714,0.91434151,0.0,0.0,0.08846795,0.11490051,0.0,0.4725,5.3414,5.9161,0.0,0.0,0.0,0.3036095,0.0584196,0.0647051,0.0,0.00332873,79.127
173,SBFG3,varejo,20224T,2023-04-03,8.0,1.35071891,4.788936,0.07466967,0.13745495,0.08490224,0.23348468,0.08198081,0.8087,9.5247,4.8497,7.0655,4022190.0,0.09990478,0.46974439,0.06418381,0.03268033,0.86039279,0.01469492,36838.216
174,CRPG5,químico,20224T,2023-04-03,26.85,-1.09132836,-3.51804447,0.03969766,0.0862832,0.08450459,0.17906492,0.03460547,0.9632,11.3986,27.4775,11.3611,574532.0,0.04935492,0.06274741,0.03532041,0.08514341,-0.25296486,0.11910621,38.002
175,AMBP3,saneamento,20224T,2023-04-03,20.15,0.62730172,0.73652034,0.11710816,0.1654879,0.08367897,0.06979339,0.08473803,1.7511,20.9265,3.1967,6.177,6466763.0,0.11008289,0.2217993,0.18784149,0.02869419,3.2250479,0.0,29888.185
176,USIM5,siderurgico,20224T,2023-04-03,7.19,2.39960593,0.03009751,0.08988005,-0.1378882,0.08084476,-0.12960338,0.08310411,0.3419,4.2287,3.3191,2.7949,9975364.0,0.26730062,0.17491795,0.08211824,0.06445507,0.04346442,0.13934458,83140.396
177,USIM3,siderurgico,20224T,2023-04-03,7.78,2.1417952,-0.04802043,0.08988005,-0.1378882,0.08084476,-0.12960338,0.08310411,0.3699,4.5757,3.5915,2.9984,10701595.0,0.24916108,0.17491795,0.08211824,0.06445507,0.04346442,0.12877732,1454.554
178,BMOB3,tecnologia,20224T,2023-04-03,13.44,0.48405037,0.46035275,0.19307232,0.20651564,0.08083505,0.08540178,0.09322492,1.1059,13.6809,11.8627,3.7396,591516.0,0.16682727,0.21480271,0.06686502,0.05797846,-0.54708907,0.01528672,4939.575
179,PNVL3,saúde,20224T,2023-04-03,9.4,-0.61232786,-0.46395542,0.07469158,0.07906965,0.07791731,0.08710279,0.0693463,1.2642,16.2252,10.2048,6.5718,2115153.0,0.06490548,0.31137596,0.03440317,0.02163777,0.64447707,0.01766779,4856.817
180,EZTC3,construção,20224T,2023-04-03,12.05,-0.43513583,-0.67885273,0.05507963,0.02318828,0.0753715,0.02999288,0.04732013,0.5856,7.7699,11.0873,9.6047,2416974.0,0.09919261,0.3426761,0.21381838,0.30510943,-0.05312932,0.06462788,51186.444
181,QUAL3,saúde,20224T,2023-04-03,3.6,2.2224866,-1.55378227,0.11443779,-0.06428169,0.07480352,-0.23022658,0.1002375,0.7389,9.8781,2.7669,3.2787,2549852.0,0.14208239,0.77236129,0.18565518,0.05200245,1.14068026,0.07819244,19137.69
182,MATD3,saúde,20224T,2023-04-03,7.76,-0.16729783,-0.22344081,0.0811405,0.0881816,0.07205769,0.04155943,0.11628528,1.7411,24.1632,8.7733,8.8542,3789388.0,0.0891706,0.35345453,0.19164873,0.06958469,0.48447747,0.01990551,1685.181
183,PDTC3,tecnologia,20224T,2023-04-03,2.27,-0.28318326,2.81420503,0.09370515,0.16856646,0.07189027,0.17099183,0.09914474,1.3125,18.2572,6.5565,9.6842,263032.0,0.1032612,0.31955704,0.07426618,0.02667031,0.62611753,0.0,26.324
184,MDIA3,consumo,20224T,2023-04-03,24.79,-0.49093956,-0.89757338,0.06575232,0.01695768,0.07182278,0.00926853,0.06526743,1.2423,17.2964,14.2907,10.9902,9895960.0,0.05893132,0.28502365,0.05757431,0.04756928,0.23281666,0.00798099,68697.983
185,EVEN3,construção,20224T,2023-04-03,4.44,0.5087728,-0.83852147,0.0330041,-0.00026811,0.07150777,0.01681,0.03581395,0.3364,4.7047,7.3077,5.3905,726009.0,0.17294695,0.22540959,0.05416931,0.08414037,-0.07023147,0.03378527,4165.752
186,AGRO3,agrícola,20232T,2023-04-03,23.8,-1.22718564,0.58913373,0.0741019,-0.01127391,0.06923492,-0.02511925,0.06762191,1.1465,16.5589,11.8498,11.3243,2914708.0,0.06808504,0.23106612,0.15395668,0.1101742,0.27453958,0.22111996,9563.477
187,TIMS3,telecom,20224T,2023-04-03,12.34,0.16691809,0.33496274,0.07936302,0.09754155,0.06578458,0.08476281,0.10405691,1.1762,17.8798,9.4536,3.0142,30103203.0,0.10496943,0.505082,0.14676258,0.07759837,0.00907484,0.04014367,114279.509
188,MEAL3,consumo,20224T,2023-04-03,1.9,2.23999156,5.38792081,0.12523827,0.42566734,0.06426398,0.43384929,0.14684352,0.4796,7.4634,2.0571,2.288,833243.0,0.31642511,0.30968012,0.11766835,0.03243144,0.25723809,0.0,3454.52
189,VIVT3,telecom,20224T,2023-04-03,38.12,-0.12303287,-0.24399405,0.06552316,0.07788575,0.05927765,0.06578705,0.07518332,0.9211,15.5384,9.5566,4.1583,80080264.0,0.08239122,0.42899633,0.13733871,0.08446719,0.24872888,0.09054659,85614.547
190,VSTE3,consumo,20224T,2023-04-03,15.65,-1.09942265,-1.20443854,0.17732978,0.6378992,0.05910317,0.96150141,0.17446817,1.8981,32.1145,8.3024,5.0841,2002400.0,0.10677635,0.61964935,0.20059049,0.05185768,0.24300893,0.0,457.353
191,CSAN3,químico,20224T,2023-04-03,15.08,-0.38724567,-0.51776212,0.0711492,0.1146356,0.05856156,0.14551172,0.07508357,0.585,9.9895,3.5849,6.5653,71396691.0,0.11009484,0.22609024,0.19780895,0.07098797,0.89720152,0.06771599,92939.07
192,DESK3,telecom,20224T,2023-04-03,8.0,0.88679768,1.2819586,0.11504908,0.14536854,0.05777266,0.06445845,0.11968351,0.9683,16.76,4.201,5.1322,1551493.0,0.14140827,0.59126434,0.30867305,0.07737016,0.66167403,0.00133128,9120.146
193,AESB3,energia,20224T,2023-04-03,9.89,-0.15701479,1.39789691,0.04919397,0.06243272,0.05743789,0.09856911,0.04237406,1.068,18.5948,8.5306,18.7211,13064519.0,0.05341574,0.31842807,0.24528542,0.11252745,1.27587362,0.03701121,15699.514
194,PFRM3,saúde,20224T,2023-04-03,3.27,3.13164111,1.37171394,0.10310138,0.07491693,0.05629574,0.01501396,0.11173702,0.2654,4.7147,1.6503,3.068,881349.0,0.27565144,0.14655605,0.03108217,0.01087994,0.31802589,0.05300038,328.537
195,APER3,financeiro,20224T,2023-04-03,25.63,-0.5933415,-0.41511965,0.03739348,0.06458059,0.0559512,0.08297154,0.03967257,1.0608,18.9588,26.7381,8.9511,382131.0,0.04906951,1.0,0.07703811,0.10864876,-0.25227232,0.00576026,2489.086
196,RDOR3,saúde,20224T,2023-04-03,20.86,-0.02349709,-0.06931771,0.07739863,0.06976009,0.05470029,0.04895981,0.06967167,2.0365,37.2294,12.0537,9.3404,49532129.0,0.07871335,0.22628793,0.16960738,0.05491333,0.10992708,0.01481904,52840.67
197,CPLE6,energia,20224T,2023-04-03,7.0,-0.40880884,-0.51354485,0.07028162,0.05451417,0.0543897,0.11802629,0.08683036,0.9065,16.6671,6.5687,6.8603,28931387.0,0.10079835,0.22799059,0.13299312,0.05241407,0.46260976,0.1131647,106095.84
198,CPLE3,energia,20224T,2023-04-03,6.19,-0.3314478,-0.44988917,0.07028162,0.05451417,0.0543897,0.11802629,0.08683036,0.8016,14.7385,5.8086,6.3347,26714779.0,0.1091619,0.22799059,0.13299312,0.05241407,0.46260976,0.12797301,9717.428
199,CPLE11,energia,20224T,2023-04-03,34.03,-0.39195737,-0.49967881,0.07028162,0.05451417,0.0543897,0.11802629,0.08683036,0.8814,16.2052,6.3867,6.7344,28400496.0,0.10268257,0.22799059,0.13299312,0.05241407,0.46260976,0.11639038,6990.952
200,PINE4,banco,20224T,2023-04-03,1.75,0.08541915,0.63242269,0.0,0.0,0.05438325,0.08370227,0.0,0.3752,6.8991,4.0453,0.0,0.0,0.0,0.01884535,0.05476518,0.03211192,0.0,0.03517003,122.22
201,ELMD3,tecnologia,20224T,2023-04-03,15.7,-0.62688774,0.09369009,0.08307433,0.23746154,0.05388968,0.27482164,0.08159099,2.2851,42.4031,16.2173,10.7466,2704634.0,0.04970025,0.40414611,0.16803087,0.06426427,0.54999864,0.0,1407.096
202,TRIS3,construção,20224T,2023-04-03,3.0,0.6732029,1.62555892,0.05663295,0.0764589,0.05330552,0.08203437,0.05157119,0.4176,7.8332,4.7882,9.8593,1140115.0,0.10008287,0.2962658,0.15008615,0.09174241,0.453776,0.07313308,2265.538
203,ALLD3,tecnologia,20224T,2023-04-03,4.82,-0.50208203,-5.22340284,0.0926515,0.09585306,0.05076667,0.06238729,0.09739794,0.2996,5.9008,2.1664,3.335,936961.0,0.22136349,0.1506679,0.0404481,0.0148497,0.32510912,0.11426519,35.846
204,HBOR3,construção,20224T,2023-04-03,1.95,2.38574236,2.93163967,0.03261224,0.04945199,0.05070601,0.0661817,0.03737445,0.1218,2.4015,1.7567,10.1863,1739223.0,0.0846838,0.27903759,0.16248675,0.11886209,0.69675836,0.09268034,3676.02
205,HBRE3,construção,20224T,2023-04-03,3.85,0.58168661,1.93568132,0.05969317,0.18175424,0.04871063,0.20069182,0.06164142,0.1606,3.2973,1.769,5.5927,1261122.0,0.17807879,0.84170062,1.59427399,0.8553093,0.34924462,0.0,442.268
206,RDNI3,construção,20224T,2023-04-03,5.34,1.90375596,3.36600752,0.0262031,0.0450842,0.04792513,0.06390219,0.0377336,0.3408,7.1119,4.5541,14.9391,805066.0,0.06146824,0.2483874,0.07418178,0.04750177,0.87674645,0.03325299,63.785
207,SOMA3,varejo,20224T,2023-04-03,7.64,-0.53308385,-0.47374555,0.04953699,0.04833127,0.04526553,0.03914582,0.05189782,0.8097,17.8869,13.4187,9.6809,6862189.0,0.06511027,0.56669165,0.09173538,0.06881976,0.11704623,0.01201524,174104.408
208,BRIT3,telecom,20224T,2023-04-03,2.06,0.6627768,1.14613681,0.07486193,0.12229498,0.04403221,0.08838069,0.06308195,0.666,15.1258,5.5111,3.6388,1585624.0,0.10507409,0.41858666,0.16910329,0.06161316,0.48412442,0.00058049,275.797
209,ONCO3,saúde,20224T,2023-04-03,8.06,-0.43040744,-0.01553283,0.08333462,0.13523384,0.0432182,0.14730579,0.07705808,1.4642,33.8787,8.191,9.6571,6235750.0,0.07546246,0.35519019,0.11510176,0.02782852,0.90461911,0.00474551,12768.736
210,MODL3,banco,20224T,2023-04-03,1.52,-0.57323305,-1.2568521,0.0,0.0,0.03796094,-0.0410334,0.0,0.8089,21.308,10.963,0.0,0.0,0.0,0.56791884,0.06942759,0.03572073,0.0,0.05613316,1920.343
211,MTRE3,construção,20224T,2023-04-03,3.27,1.39076726,2.78470594,0.03308593,0.04723226,0.03707049,0.04093889,0.03280828,0.3445,9.293,7.0142,11.2896,617013.0,0.07992056,0.29188559,0.06500173,0.04906238,0.27003993,0.10014061,2117.097
212,LVTC3,tecnologia,20224T,2023-04-03,5.47,2.62771274,2.33774507,0.0834331,0.06486109,0.035766,0.00924368,0.13706209,0.5389,15.0664,3.9315,0.7641,196603.0,0.4516097,0.23125954,0.08290932,0.02163497,-0.23536803,0.03223391,428.971
213,RAIL3,transporte,20224T,2023-04-03,18.97,-0.31978859,-0.51309819,0.08869156,0.1039009,0.03335535,0.06307564,0.09438328,2.2802,68.3595,11.5732,8.8966,44510886.0,0.0682119,0.31970304,0.30850679,0.0522299,0.60820203,0.00111904,185024.903
214,ELET3,energia,20224T,2023-04-03,32.8,-0.86511309,-0.42855115,0.03423944,0.00958225,0.03276976,-0.01724323,0.04518041,0.6798,20.7456,9.7762,10.4993,109308780.0,0.07063298,0.53461579,0.22658779,0.1067781,0.30468274,0.01143878,237939.393
215,ELET6,energia,20224T,2023-04-03,35.65,-0.87589647,-0.474235,0.03423944,0.00958225,0.03276976,-0.01724323,0.04518041,0.7389,22.5481,10.6257,11.1292,115867279.0,0.0666349,0.53461579,0.22658779,0.1067781,0.30468274,0.01052432,82114.535
216,RRRP3,petróleo,20224T,2023-04-03,29.93,-0.59604427,-2.09152048,0.04238039,-0.08869992,0.02941901,-0.03590742,0.05025794,1.4001,47.5932,22.4249,11.4446,6298660.0,0.04303408,0.51490169,0.15736968,0.07414908,0.05073325,0.0,264243.944
217,VLID3,tecnologia,20224T,2023-04-03,9.55,3.66860918,3.44957757,0.16287926,0.11532879,0.02868211,-0.13074823,0.14143694,0.5902,20.5774,2.4819,4.0756,1233486.0,0.24536241,0.35629127,0.1610328,0.01942231,0.37900485,0.00061773,3069.585
218,NGRD3,tecnologia,20224T,2023-04-03,1.09,-0.37242464,-0.48190242,-0.01076465,-0.03068533,0.02867068,0.08722532,-0.0077882,0.5641,19.6748,-63.2128,3.5062,85393.0,-0.04780263,0.63880307,-0.01536047,0.04935145,-0.37741236,0.0,520.462
219,ALOS3,shopping,20224T,2023-04-03,17.23,-0.24942221,0.23319928,0.05392743,0.02611603,0.02820149,0.00338249,0.05961155,1.2542,44.4714,21.0388,10.8936,7316923.0,0.06417479,0.72105359,0.42252598,0.19989184,-0.32526481,0.01032276,77457.145
220,PETZ3,varejo,20224T,2023-04-03,5.97,-0.07850653,-0.10814991,0.04826784,0.05006735,0.02748602,0.03694069,0.06944356,1.5001,54.5751,20.3505,10.2216,2688643.0,0.05046039,0.47647073,0.04786326,0.01784774,-0.0392867,0.0065615,39160.942
221,ENEV3,energia,20224T,2023-04-03,10.28,-1.00740716,-1.09145232,0.03576926,0.01987726,0.02735684,-0.05614087,0.03987679,1.184,43.2796,12.6666,15.4078,32702771.0,0.03926135,0.30632169,0.20950207,0.06131479,1.19681191,0.0,68936.83
222,SQIA3,tecnologia,20224T,2023-04-03,15.65,-0.47033307,-0.49176383,0.05152472,0.03318441,0.02618841,-0.01316282,0.06242427,2.0017,76.4345,21.9617,9.3491,1460607.0,0.04183262,0.42653681,0.09911399,0.02847818,0.17709842,0.00953212,13080.436
223,MLAS3,tecnologia,20224T,2023-04-03,1.28,-0.95893511,-4.69434588,0.03656136,-0.13060888,0.02219449,-0.20252054,0.03521086,0.2566,11.5621,5.6126,6.49,1587083.0,0.1167771,0.25946675,0.04227681,0.0205224,0.13491206,0.09613467,10923.803
224,AGXY3,agrícola,20224T,2023-04-03,7.67,1.93337778,12.04466514,0.16715057,0.3589201,0.01927916,0.56617732,0.14823451,0.8553,44.3623,2.4328,3.3995,2164722.0,0.24384515,0.12520835,0.04553431,0.00249704,0.58647215,0.00517072,204.192
225,ALPA4,consumo,20224T,2023-04-03,7.88,-0.27119841,-0.49026194,0.03040775,-0.00793761,0.01884298,-0.01456797,0.02858618,0.9225,48.9546,26.4196,18.1205,5940830.0,0.03385116,0.46096719,0.04808954,0.02595277,0.10898618,0.01680433,51961.251
226,ALPA3,consumo,20224T,2023-04-03,8.52,-0.32594407,-0.52855212,0.03040775,-0.00793761,0.01884298,-0.01456797,0.02858618,0.9974,52.9306,28.5654,19.4367,6372350.0,0.03155884,0.46096719,0.04808954,0.02595277,0.10898618,0.01554203,66.806
227,BMGB4,banco,20224T,2023-04-03,2.03,-0.40615383,0.51507747,0.0,0.0,0.01581992,0.0538105,0.0,0.2865,18.11,-4.7141,0.0,0.0,0.0,0.41433105,-0.03974008,0.01034445,0.0,0.2522298,3074.549
228,DMVF3,saúde,20224T,2023-04-03,3.39,3.72702344,2.36145251,0.03317802,0.02354269,0.0133668,0.01383884,0.04056485,0.2019,15.1073,4.8143,2.2452,143982.0,0.24747601,0.32060995,0.02402457,0.00765601,-0.03244523,0.0,34.424
229,LWSA3,tecnologia,20224T,2023-04-03,4.72,-0.04893327,-0.01858275,0.022279,0.03254612,0.01016964,0.02535342,0.01589622,0.9369,92.1305,57.4495,9.3648,1418864.0,0.03422526,0.45170159,0.042656,0.02659884,-0.4604198,0.0025776,45377.627
230,GUAR3,varejo,20224T,2023-04-03,4.13,3.34650762,4.12668132,0.04605572,0.12742477,0.00987633,0.07771635,0.03878685,0.3917,39.6633,5.6868,5.0074,3725102.0,0.09732405,0.58178568,0.04286044,0.00614518,0.31605134,0.10244042,6539.783
231,RAIZ4,agrícola,20233T,2023-04-03,2.83,-0.14154499,-1.46025394,0.04986885,0.08853091,0.00715685,0.0308056,0.05284591,1.3392,187.117,8.3818,5.4288,68417437.0,0.05092041,0.04444202,0.01425712,0.00063864,1.79848902,0.08884251,53633.959
232,TPIS3,transporte,20224T,2023-04-03,0.8,11.67950529,-35.29465429,0.09148526,0.00370633,0.00692225,-0.05693517,0.09486187,0.1514,21.8653,0.5664,7.1011,1740180.0,0.14082339,0.29655854,0.218447,0.00565867,1.746242,0.02336445,340.565
233,CSED3,educação,20224T,2023-04-03,2.09,4.73098503,4.31135626,0.09074989,0.05502545,0.00470046,-0.04412428,0.12604184,0.5563,118.3405,2.5085,2.3164,996181.0,0.31284085,0.46745139,0.15364735,0.00325688,0.15257145,0.06395844,1316.119
234,TCSA3,construção,20224T,2023-04-03,2.68,-0.15311217,3.17110955,0.01856406,0.0666213,0.00369762,0.10862638,0.01784292,0.3172,85.7824,8.7027,28.4442,644858.0,0.0351566,0.1172292,0.09551838,0.00969045,0.71952117,0.0,892.427
235,ANIM3,educação,20224T,2023-04-03,2.36,2.21589719,-0.43397241,0.04418039,-0.01361327,0.00357773,0.21170788,0.04287673,0.2782,77.7466,2.3552,5.3587,5096739.0,0.07418489,0.57655257,0.10611184,0.0032145,1.31384384,0.0,26956.565
236,IGTI11,shopping,20224T,2023-04-03,18.59,-0.47545288,-0.21413914,0.09104263,0.1057351,0.00312122,0.09233515,0.06864083,1.8473,591.8587,15.3369,13.5497,8858774.0,0.05585084,0.58588308,0.48681496,0.01261486,0.30931122,0.01184243,74513.224
237,IGTI3,shopping,20224T,2023-04-03,2.39,0.36001825,1.03753882,0.09104263,0.1057351,0.00312122,0.09233515,0.06864083,0.7125,228.2747,5.9153,6.4198,4197264.0,0.11787917,0.58588308,0.48681496,0.01261486,0.30931122,0.03070444,254.093
238,CEAB3,varejo,20224T,2023-04-03,2.84,5.19284925,12.73437369,0.05349635,0.28104715,0.00027632,0.28378546,0.05206339,0.2909,1052.6112,3.2538,2.3802,1340621.0,0.20004167,0.50231809,0.04336991,0.00013407,0.15599181,0.0,8402.905
239,BRIV4,banco,20224T,2023-04-03,9.5,-0.9863535,-4.1565972,0.0,0.0,0.0,-0.23055587,0.0,0.4957,0.0,4.7725,0.0,0.0,0.0,0.16439635,0.06004735,0.0,0.0,0.02791369,28.91
240,PCAR3,supermercado,20224T,2023-04-03,14.67,0.0937761,3.41758222,-0.0242053,-0.18781595,-0.00029127,-0.30903663,-0.02883241,0.2884,-990.1406,-7.0098,4.5419,6072562.0,-0.09304145,0.24836903,-0.03261936,-0.00023093,0.15379014,0.06690969,18383.392
241,SRNA3,energia,20224T,2023-04-03,9.35,-0.86369246,-0.43461461,0.04213682,0.07287938,-0.00155058,0.10579519,0.04325345,1.1242,-725.0069,9.8442,12.8302,12844668.0,0.0460479,0.2742557,0.24273652,-0.00329588,1.35579084,0.00010734,9590.832
242,HBSA3,indústria,20224T,2023-04-03,2.09,0.1867477,-2.21509578,0.06126438,-0.00737972,-0.00613388,-0.46915664,0.05393449,1.1942,-194.6833,5.0102,8.7596,5404896.0,0.05868605,0.34966571,0.17941739,-0.00461734,2.86720894,0.0,5966.518
243,SYNE3,construção,20224T,2023-04-03,3.02,1.24008582,0.38453062,0.0388773,0.01517709,-0.01279446,-0.03333496,0.03978164,0.1791,-13.9951,3.2251,8.0478,1150320.0,0.12425757,0.43731388,0.30123562,-0.06941848,0.26775722,0.17353881,1243.126
244,HAPV3,saúde,20224T,2023-04-03,2.45,-0.61105781,0.18769723,-0.00247935,-0.00640072,-0.01591246,-0.02597969,-0.0025774,0.3573,-22.4546,-111.7694,13.443,24539185.0,-0.00635176,0.23812131,-0.00656315,-0.03266855,0.14599067,0.05838561,294517.227
245,PDGR3,construção,20224T,2023-04-03,3.96,-192.8186818,-129.48829408,-0.05707894,-0.14438781,-0.01693429,-0.29385761,-0.01674252,-0.0026,-0.153,-0.2096,-19.9583,1192168.0,-0.05072606,0.26305335,-0.50683049,-0.69411153,0.24117237,0.0,826.297
246,YDUQ3,educação,20224T,2023-04-03,6.93,2.83008917,1.86554184,0.08052326,0.03880686,-0.01873071,-0.11390449,0.07717126,0.6794,-36.2728,3.2573,4.7255,6265776.0,0.09853735,0.56571784,0.13525107,-0.01214561,1.43735851,0.01867476,33494.184
247,MNPR3,proteína,20224T,2023-04-03,8.79,5.19367195,3.0877859,-0.17407121,-0.09090729,-0.01950399,-0.20690004,-0.1308104,-0.1857,9.521,1.4208,1.0236,52146.0,0.84236762,0.28501121,0.12010171,0.01792257,0.03053989,0.0,17.574
248,SMFT3,consumo,20224T,2023-04-03,13.18,-0.51129806,-0.22067393,-0.00128438,-0.06822174,-0.02125203,0.04562898,-0.00132446,1.8361,-86.3982,-764.79,9.2179,8223732.0,-0.00122852,0.20361513,-0.00934636,-0.08273325,0.11811916,0.00105039,20837.06
249,MRVE3,construção,20224T,2023-04-03,6.14,-1.72693041,-2.21289431,0.01950654,-0.00509378,-0.02271494,-0.1957444,0.02500685,0.4518,-19.8911,8.4825,18.3565,9665859.0,0.03622885,0.19679452,0.05279338,-0.02251365,1.01842323,0.0653794,54659.542
250,LJQQ3,varejo,20224T,2023-04-03,3.78,0.34453537,0.18670945,0.05729239,0.08451534,-0.03484023,0.02659354,0.09217307,1.3188,-37.8526,8.0859,3.1708,628721.0,0.13925727,0.3325687,0.03785844,-0.0080872,-0.147602,0.03001594,20615.054
251,ZAMP3,consumo,20224T,2023-04-03,4.43,1.52843166,2.81620225,0.03425541,0.11568319,-0.03756157,0.11306313,0.038717,0.8009,-21.3217,12.2948,5.0718,1683877.0,0.05745313,0.64392289,0.02654394,-0.01530617,0.33290466,0.0,6161.798
252,AZUL4,aviação,20224T,2023-04-03,11.53,-1.64988784,-1.44018337,0.1753944,0.53577166,-0.03800431,-0.23276138,0.33942059,-0.767,-20.1825,10.1984,10.5363,37130087.0,0.03850126,0.17469841,0.08963814,-0.04529496,1.18642131,0.0,109110.461
253,COGN3,educação,20224T,2023-04-03,1.8,1.27265075,2.47512145,0.01355037,0.00862226,-0.04085659,-0.05621495,0.01414287,0.2548,-6.2357,11.1225,12.4109,9448990.0,0.03209909,0.6337767,0.05956244,-0.10624048,0.45882577,0.0,70106.726
254,MGLU3,varejo,20224T,2023-04-03,3.31,-0.83676394,-0.69762409,0.03795012,0.05661767,-0.04685783,-0.01348972,0.04345414,2.0749,-44.2817,28.6346,13.6829,26479867.0,0.02914044,0.27987065,0.02068782,-0.0133777,0.41173229,0.00452428,212173.1
255,GFSA3,construção,20224T,2023-04-03,5.75,0.66956631,3.18050087,-0.03377118,-0.10876499,-0.04692409,-0.00839751,-0.03484653,0.1658,-3.5325,-2.2411,-18.9101,1823540.0,-0.07190903,0.13474243,-0.11543076,-0.07323259,0.86279927,0.0,7797.806
256,CLSA3,tecnologia,20224T,2023-04-03,6.05,-0.43015707,0.36091281,-0.25268688,-0.02777111,-0.04972942,0.02784021,-0.10562255,1.5256,-30.6779,-13.3328,-8.4187,717905.0,-0.11878318,0.34575907,-0.16732367,-0.07271982,-0.56228958,0.0,4686.783
257,DASA3,saúde,20224T,2023-04-03,7.01,0.95284339,3.92078544,0.05417954,0.04113653,-0.0546966,-0.12130563,0.05479859,0.5306,-9.7012,3.7004,5.7072,12145699.0,0.08370008,0.28931959,0.07743197,-0.02953532,1.18259531,0.04233097,1477.384
258,SCAR3,construção,20224T,2023-04-03,15.78,-0.48288067,0.8526447,0.04610833,0.06834808,-0.05575626,-0.03194255,0.04368632,0.6041,-10.8341,5.9917,12.5257,2646259.0,0.05666377,0.60627611,0.38932812,-0.21531223,1.17517238,0.00910922,185.629
259,NINJ3,tecnologia,20224T,2023-04-03,2.22,0.93687492,1.57877791,-7.56465651,-5.87379546,-0.05683445,-0.00959976,-0.17377659,0.4045,-7.1179,-2.317,3.3545,-159576.0,-0.30500273,0.90274953,-0.85345795,-0.2778109,-0.97699789,0.0,267.139
260,ESPA3,saúde,20224T,2023-04-03,0.95,-0.14482875,0.39370704,0.06317771,0.04851172,-0.05788266,-0.07238544,0.05757495,0.3869,-6.6844,3.3007,5.3313,1024300.0,0.10155619,0.36402707,0.11475155,-0.05666316,0.76733798,0.0,3990.536
261,BHIA3,varejo,20224T,2023-04-03,1.81,1.80614928,2.07778317,0.05753791,0.05173952,-0.06472369,-0.12339137,0.07918429,0.5413,-8.3639,2.4638,4.4842,10219468.0,0.1136067,0.31037608,0.03757525,-0.01106868,1.39269493,0.0,165106.266
262,VIVR3,construção,20224T,2023-04-03,0.36,-8.00441445,-7.42327868,-0.22874462,-0.50756979,-0.06895982,-0.53267112,-0.50921034,-0.4654,-6.7488,-1.8542,-7.141,316680.0,-0.14394322,0.31882573,-0.37369448,-0.10267089,1.27831157,0.0,7945.031
263,EMBR3,indústria,20224T,2023-04-03,20.66,0.07307808,1.52518752,-0.02163338,0.11593452,-0.07106118,0.03264349,-0.01766563,1.0299,-14.4929,-27.3173,-35.694,19831132.0,-0.02801595,0.20086247,-0.02369369,-0.04465961,0.31580696,0.0,144172.059
264,CASH3,tecnologia,20224T,2023-04-03,0.97,-0.58556982,-0.62168029,-0.98894348,-0.63946101,-0.07275794,-0.02725733,-0.17702451,1.05,-14.4313,-5.9303,-0.6777,95895.0,-1.47558817,-0.38440182,-0.38440182,-0.15796494,-0.92999982,2.38e-06,23038.982
265,GOLL4,aviação,20224T,2023-04-03,6.42,-0.72183048,0.10560531,0.15211225,0.68932011,-0.07310672,-0.04324397,-0.05943231,-0.9617,-13.155,36.8706,14.0314,31952893.0,0.01743548,0.20723936,0.03665531,-0.1027371,0.53428727,0.0,52086.983
266,SHOW3,consumo,20224T,2023-04-03,1.58,1.97270897,-4.014008,0.35173145,0.04740643,-0.07374267,-0.5207732,0.1658863,0.9316,-12.6334,3.1154,0.387,15568.0,2.19611391,0.25510592,0.10407895,-0.02566585,-0.79545176,0.0,889.387
267,TELB4,telecom,20224T,2023-04-03,12.1,-0.01558412,0.87095877,-0.01455962,0.04272355,-0.07677778,0.01767466,-0.02076159,0.6284,-8.1843,-27.7096,0.1162,23739.0,-1.58896255,-0.53896044,-0.10844354,-0.36715731,-0.61410198,6.027e-05,24.125
268,KRSA3,saúde,20224T,2023-04-03,0.98,2.237473,1.62282962,0.07709019,0.06577546,-0.07719998,-0.19293417,0.07427583,0.615,-7.9664,2.7821,8.84,2391275.0,0.1131225,0.23840235,0.13216552,-0.04615609,1.33914335,0.0,257.502
269,TEKA4,textil,20224T,2023-04-03,16.19,-80.92324922,-53.67432379,-0.11393497,-0.40915382,-0.08326381,-0.07614658,-0.07610854,-0.0042,-0.051,-0.0757,-4.9526,510798.0,-0.21078584,0.17877326,-0.40456383,-0.60003156,0.2620873,0.0,6.478
270,HAGA4,indústria,20224T,2023-04-03,1.01,0.45110683,0.45110683,0.34998194,1.92966555,-0.09839937,-0.4537504,-0.12452773,-0.2133,2.1672,2.7106,-1.2228,-5422.0,-0.81780067,0.2318099,0.15735478,0.19681241,0.30945131,0.0,61.885
271,HAGA3,indústria,20224T,2023-04-03,2.1,-0.30208671,-0.30208671,0.34998194,1.92966555,-0.09839937,-0.4537504,-0.12452773,-0.4434,4.5061,5.636,1.7026,7549.0,0.58735046,0.2318099,0.15735478,0.19681241,0.30945131,0.0,38.137
272,AERI3,indústria,20224T,2023-04-03,1.22,0.24306503,-0.29003879,0.13016533,0.18184302,-0.10477156,-0.17821867,0.07901076,1.0513,-10.0346,4.3583,6.3164,1685301.0,0.12665686,0.11927656,0.08645809,-0.03755097,0.85324365,0.01696346,4151.178
273,OPCT3,transporte,20224T,2023-04-03,2.84,-1.55898296,-0.03309555,0.01702713,0.08532587,-0.12174937,0.15141313,0.01673691,0.7352,-6.0389,17.1834,6.2186,1593961.0,0.02049925,0.15617378,0.02720747,-0.07741743,1.35203409,0.0,3238.429
274,NTCO3,consumo,20224T,2023-04-03,13.57,-0.74722046,-0.00171752,-0.01282928,-0.01708781,-0.12789595,-0.15927747,-0.01273614,0.8337,-6.5186,-40.7056,12.2912,26230375.0,-0.01745232,0.63809751,-0.01259383,-0.07864252,0.33985376,0.00968711,239531.269
275,BRKM5,químico,20224T,2023-04-03,19.24,1.54268168,-5.53896466,0.0848371,-0.1464017,-0.13430941,-1.23327577,0.10245479,2.5091,-18.6813,3.5875,4.0147,36152971.0,0.11816658,0.11768359,0.04426134,-0.00849976,3.40966325,0.08810468,34349.531
276,BRKM3,químico,20224T,2023-04-03,19.98,1.44850829,-5.37085486,0.0848371,-0.1464017,-0.13430941,-1.23327577,0.10245479,2.6056,-19.3999,3.7255,4.0801,36742433.0,0.11627083,0.11768359,0.04426134,-0.00849976,3.40966325,0.08484154,196.388
277,BOBR4,consumo,20224T,2023-04-03,1.17,0.88514747,1.76197201,0.31088064,0.51631287,-0.14508068,-0.60298576,0.64128862,-1.9579,13.4955,1.9321,3.6492,673776.0,0.23413849,0.34714039,0.10723161,0.01535162,2.37023999,0.0,0.819
278,TRAD3,tecnologia,20224T,2023-04-03,0.97,-1.88884321,-2.23606869,-0.25779631,-0.33705708,-0.15365366,-0.30295487,-0.16890455,0.5085,-3.3094,-2.9882,-1.2215,89718.0,-1.01188437,0.47300363,-1.10125308,-0.99437146,-0.34032938,0.00241079,1213.182
279,IRBR3,seguro,20224T,2023-04-03,21.35,-3.45858762,-1.55441297,0.0,0.0,-0.15474145,-0.03805464,0.0,0.429,-2.7721,-0.9733,0.0,0.0,0.0,-0.20422101,-0.2547483,-0.0894476,0.0,6.3e-06,29340.648
280,MBLY3,varejo,20224T,2023-04-03,1.79,-0.70280478,0.12518569,-0.18521195,-0.14312086,-0.16214811,-0.12162823,-0.13168531,0.344,-2.1218,-1.9832,-1.3539,130129.0,-0.73861363,0.39900229,-0.150873,-0.14101991,-0.10917446,0.0,1786.364
281,ENJU3,tecnologia,20224T,2023-04-03,0.9,-0.99868493,0.33230225,-1.2172139,-0.7312156,-0.17464881,-0.07476959,-0.2514297,0.4732,-2.7094,-1.882,1.6533,-128879.0,-0.74299847,0.35044384,-0.68939029,-0.47886624,-0.81160037,0.0,1023.182
282,WEST3,varejo,20224T,2023-04-03,1.05,-2.12710127,0.01838381,-0.43704003,-0.6459108,-0.17585398,-0.31850791,-0.24847847,0.3755,-2.1351,-1.3751,0.1401,-11807.0,-7.13677302,0.42151869,-0.32814252,-0.21133567,-0.41372394,0.0,556.708
283,SEER3,educação,20224T,2023-04-03,3.04,3.00004198,3.75892931,-0.00868268,-0.10976271,-0.17950904,-0.40529409,-0.01209302,0.3153,-1.7562,-16.1028,4.8138,915064.0,-0.02647685,0.49721268,-0.01445289,-0.13251942,0.42417038,0.0,1426.263
284,IFCM3,tecnologia,20224T,2023-04-03,1.69,-1.11546183,8.10457506,-0.0376464,-0.04656411,-0.18355915,-0.19808445,-0.04066112,0.428,-2.3317,-7.321,-11.3354,956483.0,-0.088219,0.42508086,-0.0946706,-0.29724975,0.23468972,0.0,1571.817
285,ORVR3,saneamento,20224T,2023-04-03,36.07,-1.12675927,-1.26600427,0.05300172,0.0802962,-0.19803531,-0.38406995,0.05374976,4.9794,-25.1441,33.7385,16.8896,3741650.0,0.02293587,0.30004439,0.13704042,-0.18388149,1.45542051,0.0,16820.792
286,RPMG3,petróleo,20224T,2023-04-03,1.67,-58.91881779,-64.66982523,-0.24857244,-0.30214051,-0.20835315,-0.22882169,-0.21511525,-0.0252,-0.1208,-0.1171,-0.1196,114929.0,-8.40172994,-0.12680622,-0.19383336,-0.18786179,0.00042189,0.0,23.475
287,SEQL3,transporte,20224T,2023-04-03,1.85,-2.42264002,-4.8950937,0.04189001,0.00088505,-0.21315186,-0.31661644,0.04373119,0.5187,-2.4336,4.3064,4.6769,1013443.0,0.05959287,0.17380757,0.03347183,-0.05923108,1.50254992,0.0,15032.665
288,AALR3,saúde,20224T,2023-04-03,22.52,-1.40178166,-1.81641777,-0.01495092,-0.08784909,-0.22328058,-0.49622117,-0.01588448,2.7022,-12.1021,-82.8198,40.4844,3469511.0,-0.00923387,0.30022608,-0.02952694,-0.2020656,0.83124439,0.00076245,3211.656
289,INEP3,indústria,20224T,2023-04-03,0.98,-10.88120466,-12.64707954,-0.16056375,-0.5557516,-0.22618414,-0.4448824,-0.11007459,-0.1107,-0.4894,-2.1904,-14.2013,1054077.0,-0.07769928,-0.70220108,-7.63859355,-34.18821115,0.53971084,0.0,1321.529
290,INEP4,indústria,20224T,2023-04-03,0.8,-13.10447571,-15.26767243,-0.16056375,-0.5557516,-0.22618414,-0.4448824,-0.11007459,-0.0904,-0.3995,-1.788,-13.7574,1021127.0,-0.08020648,-0.70220108,-7.63859355,-34.18821115,0.53971084,0.0,285.726
291,BRFS3,proteína,20224T,2023-04-03,6.0,0.43789787,0.97415911,-0.00441249,-0.04053565,-0.2657245,-0.32354752,-0.00385652,0.5471,-2.0591,-47.4643,13.0598,21436558.0,-0.00635778,0.15115041,-0.00253302,-0.05838908,1.26599542,0.0,97640.122
292,G2DI33,financeiro,20224T,2023-04-03,2.0,-4.33767213,13.73054238,-0.25953367,0.39535084,-0.26923836,0.3971467,-0.23578796,0.2582,-0.9589,-0.9783,-1.042,245109.0,-0.95965148,0.0,0.0,0.0,0.01682452,0.0,346.547
293,BRPR3,shopping,20224T,2023-04-03,234.0,-0.97974889,-0.99873227,-0.45881753,-0.15083022,-0.3449348,-0.06385293,-0.44197551,24.6097,-71.3461,-55.6812,-55.533,108387809.0,-0.01800732,1.0,-6.56007771,-5.11973864,-0.06553249,0.00044911,56090.968
294,ALPK3,consumo,20224T,2023-04-03,1.15,-4.00701613,-16.42780306,0.0365731,0.02685255,-0.37031227,-0.41323661,0.04222762,0.5787,-1.5627,3.2494,19.5036,1479072.0,0.05127269,0.28485685,0.06813908,-0.14168177,2.89478393,0.0,215.94
295,RSID3,construção,20224T,2023-04-03,2.65,-28.68800681,-30.39719377,-2.14232066,-5.05441169,-0.39879004,-0.69518243,-0.70151588,-0.0472,-0.1184,-0.1443,-1.7587,635713.0,-0.57072444,0.0,0.0,0.0,0.52628279,0.0,419.441
296,FHER3,agrícola,20224T,2023-04-03,13.34,-2.66215846,-6.42297105,-0.04089076,-0.27735966,-0.40858298,-0.79775317,-0.15219747,1.9496,-4.7715,-12.4141,-25.4332,667799.0,-0.08666378,0.04282842,-0.01019782,-0.02653171,-0.13746065,0.0,7960.04
297,AMER3,varejo,20224T,2023-04-03,1.01,-81.03972736,-285.66042602,-3.96417822,-17.22950159,-0.4841835,-1.86971585,-1.99390697,-0.0342,-0.0706,-0.1167,-2.8358,17588136.0,-0.44406791,0.1946494,-0.30262139,-0.50027452,0.62537316,0.3655378,29604.723
298,DOTZ3,consumo,20224T,2023-04-03,0.79,-5.2742773,-6.05556626,-0.93381324,-1.12826635,-0.56185114,-0.72026961,-1.57705155,-0.6158,-1.096,-0.9954,-0.0588,4801.0,-21.83171046,0.89351669,-0.75345587,-0.68430965,0.58745448,0.0,27.647
299,BIOM3,saúde,20224T,2023-04-03,3.92,-2.9060266,-2.96942566,-0.33278407,-0.33040693,-0.58173328,-0.56037056,-0.26022276,2.0027,-3.4427,-3.6951,-5.2223,386372.0,-0.22319407,0.15240963,-0.8216552,-0.88190064,0.42564531,0.0,50.256
300,AMAR3,varejo,20224T,2023-04-03,0.6,-4.67754906,-20.57627003,-0.07916951,-0.18636712,-0.60557804,-1.16828453,-0.08003943,0.3184,-0.5258,-1.0937,-14.332,1667201.0,-0.11274523,0.39597756,-0.06835433,-0.14217245,2.26395943,0.0,5590.173
301,TEND3,construção,20224T,2023-04-03,4.7,-4.53773816,-16.63554253,-0.12284937,-0.12776748,-0.77439201,-0.87971773,-0.14358858,0.6626,-0.8556,-1.5055,-5.0059,1283009.0,-0.2461471,0.11385708,-0.13090062,-0.23033915,1.12532817,0.0,13267.939
302,AZEV4,indústria,20224T,2023-04-03,1.28,-13.90408231,-20.67145989,-0.35648305,-0.25786292,-0.82445361,-1.14012371,-0.77628864,1.0185,-1.2353,-0.7746,-1.7417,154421.0,-0.82595631,0.02675118,-0.33174326,-0.20800637,0.57350515,0.0,604.542
303,AZEV3,indústria,20224T,2023-04-03,1.41,-12.71434423,-18.85777919,-0.35648305,-0.25786292,-0.82445361,-1.14012371,-0.77628864,1.1219,-1.3608,-0.8532,-1.8549,164454.0,-0.77556424,0.02675118,-0.33174326,-0.20800637,0.57350515,0.0,249.883
304,OIBR3,telecom,20224T,2023-04-03,1.05,-45.46855935,-16.74414329,-1.02372296,-3.65251366,-0.88189747,-3.23478227,-40.01164979,-0.0286,-0.0325,-0.0342,-1.404,19715014.0,-0.92644508,-0.01890879,-1.74196255,-1.83743552,0.87382131,0.0,5031.177
305,OIBR4,telecom,20224T,2023-04-03,2.57,-19.16808845,-7.43243209,-1.02372296,-3.65251366,-0.88189747,-3.23478227,-40.01164979,-0.0701,-0.0795,-0.0838,-1.4685,20620518.0,-0.88576233,-0.01890879,-1.74196255,-1.83743552,0.87382131,0.0,140.603
306,CTNM4,textil,20224T,2023-04-03,1.19,-48.8565619,-91.18518758,-0.08991319,-0.10755582,-0.92408156,-1.12103522,-0.10696528,0.0503,-0.0545,-0.1636,-9.4259,1098386.0,-0.20290583,0.13043761,-0.14653208,-0.44012618,1.46592464,0.04907099,5.702
307,PMAM3,indústria,20224T,2023-04-03,3.35,-56.89556485,-59.2824018,-1.08773951,-2.94913877,-0.95865864,-2.82716643,-3.77259324,-0.0516,-0.0538,-0.1029,-2.5284,3313885.0,-0.42659448,-0.24833922,-0.70473323,-1.34651189,1.1245458,0.00104537,524.661
308,AVLL3,construção,20224T,2023-04-03,2.81,-33.06921323,-29.45627797,-0.23534141,-0.22096744,-1.04650363,-1.02743691,-0.29033728,-0.1589,-0.1518,-0.3397,-5.18,918924.0,-0.19974988,0.1338493,-0.6923103,-1.54908461,2.18254923,0.0,176.564
309,CVCB3,consumo,20224T,2023-04-03,2.98,-1.56270963,-2.29262879,-0.05641609,0.1756702,-1.36956838,-1.22306623,-0.03097106,2.6106,-1.9061,-21.9891,5.4827,907974.0,-0.04138114,1.0,-0.03075733,-0.35481563,0.25839548,0.0,50465.998
310,ATMP3,financeiro,20224T,2023-04-03,1.35,-84.27768109,-15.19031153,-0.52799417,-0.03752091,-1.5178444,-0.33137507,-3.40039864,-0.1202,-0.0792,-0.1124,-1.5854,331059.0,-0.96879601,-0.11093089,-0.47725967,-0.67741979,0.98358929,0.0,17.004
311,SGPS3,textil,20224T,2023-04-03,1.06,-46.05127811,-79.52950453,-0.14100621,-0.24930259,-1.6657864,-2.42949685,-0.1765755,0.14,-0.084,-0.2123,-5.5413,839480.0,-0.29744604,0.13355922,-0.20510167,-0.51812197,2.07694806,0.0,54.011
312,NEXP3,construção,20224T,2023-04-03,4.04,-46.02419109,-56.93164364,-2.72375591,-7.85495633,-1.73595292,-4.91739316,-3.94747692,-0.123,-0.0709,-0.0786,-0.3877,52707.0,-2.57951374,0.55943044,-1.13079604,-1.2537157,0.48399802,0.0,9.304
313,LIGT3,energia,20224T,2023-04-03,2.08,13.74511897,-12.36444539,-0.11017642,-0.69749574,-1.99391477,-7.72511114,-0.14116219,0.2724,-0.1366,-0.4056,-7.9516,9380054.0,-0.20366738,0.14953416,-0.14414621,-0.42798465,3.02491179,0.12196433,38485.325
314,RCSL3,indústria,20224T,2023-04-03,4.35,-1.52206456,-2.78161852,0.20776222,0.76920829,-2.23652695,-7.51673124,-1.25202536,-29.0447,-12.9865,23.1982,19.7893,163361.0,0.04351716,0.12179617,0.09594958,-0.17139734,0.27386404,0.0,2452.931
315,RCSL4,indústria,20224T,2023-04-03,0.6,-4.78496809,-13.91673426,0.20776222,0.76920829,-2.23652695,-7.51673124,-1.25202536,-4.0062,-1.7912,3.1997,2.5672,21192.0,0.33545658,0.12179617,0.09594958,-0.17139734,0.27386404,0.0,251.257
